time,robot_x,robot_y,robot_theta,human_x,human_y,human_theta,target_x,target_y,target_theta,leg_l,leg_r,human_moving,human_sitting,human_detected
1768497863.517,4.91,6.24,-1.51,5.11,2.39,-1.52,4.21,2.35,-1.52,7.82,0.00,0,0,1
1768497864.017,4.91,6.24,-1.51,5.11,2.39,-1.52,4.21,2.35,-1.52,7.91,0.00,0,0,1
1768497864.518,4.91,6.24,-1.51,5.11,2.39,-1.52,4.21,2.35,-1.52,7.91,0.00,0,0,1
1768497865.017,4.91,6.24,-1.51,5.11,2.39,-1.52,4.21,2.35,-1.52,7.82,0.00,0,0,1
1768497865.517,4.91,6.24,-1.51,5.11,2.39,-1.52,4.21,2.35,-1.52,7.91,0.00,0,0,1
1768497866.017,4.91,6.24,-1.63,4.84,2.38,-1.59,4.21,2.35,-1.52,7.91,0.00,1,0,1
1768497866.517,4.91,6.24,-1.65,5.11,2.39,-1.52,4.21,2.35,-1.52,7.91,0.00,1,0,1
1768497867.017,4.90,6.22,-1.71,5.11,2.39,-1.52,4.21,2.35,-1.52,7.91,0.00,0,0,1
1768497867.517,4.90,6.16,-1.74,4.91,2.44,-1.57,4.21,2.35,-1.52,7.91,0.00,1,0,1
1768497868.017,4.90,6.16,-1.74,4.91,2.44,-1.57,4.21,2.35,-1.52,7.91,0.00,0,0,1
1768497868.517,4.90,6.16,-1.74,4.91,2.44,-1.57,4.21,2.35,-1.52,7.91,0.00,0,0,1
1768497869.017,4.86,5.96,-1.75,4.91,2.44,-1.56,4.21,2.35,-1.52,7.91,0.00,0,0,1
1768497869.517,4.86,5.96,-1.75,4.91,2.44,-1.56,4.21,2.35,-1.52,7.91,0.00,0,0,1
1768497870.017,4.80,5.56,-1.75,4.91,2.44,-1.54,4.21,2.35,-1.52,7.91,0.00,0,0,1
1768497870.517,4.80,5.56,-1.75,4.91,2.44,-1.54,4.21,2.35,-1.52,7.91,0.00,0,0,1
1768497871.017,4.75,5.27,-1.75,4.85,2.39,-1.53,4.21,2.35,-1.52,7.91,0.00,0,0,1
1768497871.517,4.75,5.27,-1.75,4.91,2.44,-1.51,4.21,2.35,-1.52,7.91,0.00,0,0,1
1768497872.017,4.68,4.88,-1.75,4.91,2.44,-1.48,4.21,2.35,-1.52,7.91,0.00,0,0,1
1768497872.517,4.65,4.73,-1.76,4.91,2.49,-1.45,4.21,2.35,-1.52,7.91,0.00,0,0,1
1768497873.017,4.63,4.58,-1.76,4.91,2.49,-1.44,4.21,2.35,-1.52,7.91,0.00,0,0,1
1768497873.517,4.63,4.58,-1.76,4.91,2.49,-1.44,4.21,2.35,-1.52,7.91,0.00,0,0,1
1768497874.017,4.63,4.58,-1.76,4.91,2.49,-1.44,4.21,2.35,-1.52,7.91,0.00,0,0,0
1768497874.517,4.52,3.95,-1.76,4.91,2.49,-1.44,4.21,2.35,-1.52,7.91,0.00,0,0,0
1768497875.017,4.48,3.71,-1.77,4.91,2.49,-1.44,4.21,2.35,-1.52,7.91,0.00,0,0,0
1768497875.517,4.44,3.49,-1.76,4.91,2.49,-1.44,4.21,2.35,-1.52,7.91,0.00,0,0,0
1768497876.017,4.43,3.44,-1.76,4.91,2.49,-1.44,4.21,2.35,-1.52,7.91,0.00,0,0,0
1768497876.517,4.40,3.30,-1.76,4.91,2.49,-1.44,4.21,2.35,-1.52,7.91,0.00,0,0,0
1768497877.017,4.38,3.18,-1.76,4.91,2.49,-1.44,4.21,2.35,-1.52,7.91,0.00,0,0,0
1768497877.517,4.36,3.05,-1.76,4.91,2.49,-1.44,4.21,2.35,-1.52,7.91,0.00,0,0,0
1768497878.017,4.35,2.97,-1.76,4.91,2.49,-1.44,4.21,2.35,-1.52,7.91,0.00,0,0,0
1768497878.517,4.31,2.80,-1.76,4.91,2.49,-1.44,4.21,2.35,-1.52,7.91,0.00,0,0,0
1768497879.017,4.31,2.80,-1.76,4.91,2.49,-1.44,4.21,2.35,-1.52,7.91,0.00,0,0,0
1768497879.517,4.28,2.61,-1.77,4.91,2.49,-1.44,4.21,2.35,-1.52,7.91,0.00,0,0,0
1768497880.017,4.27,2.57,-1.77,4.91,2.49,-1.44,4.21,2.35,-1.52,7.91,0.00,0,0,0
1768497880.517,4.25,2.46,-1.76,4.91,2.49,-1.44,4.21,2.35,-1.52,7.91,0.00,0,0,0
1768497881.017,4.24,2.42,-1.76,4.91,2.49,-1.44,4.21,2.35,-1.52,7.91,0.00,0,0,0
1768497881.517,4.23,2.38,-1.76,4.91,2.49,-1.44,4.21,2.35,-1.52,7.91,0.00,0,0,0
1768497882.017,4.24,2.38,-1.69,4.91,2.49,-1.44,4.21,2.35,-1.52,7.91,0.00,0,0,0
1768497882.517,4.23,2.38,-1.62,4.91,2.49,-1.44,4.21,2.35,-1.52,7.91,0.00,0,0,0
1768497883.017,4.23,2.38,-1.61,4.91,2.49,-1.44,4.21,2.35,-1.52,7.82,0.00,0,0,0
1768497883.517,4.23,2.38,-1.60,4.91,2.49,-1.44,4.21,2.35,-1.52,1.76,0.00,0,0,0
1768497884.017,4.23,2.38,-1.60,4.91,2.49,-1.44,4.21,2.35,-1.52,1.14,0.00,0,0,0
1768497884.517,4.23,2.38,-1.60,4.91,2.49,-1.44,4.21,2.35,-1.52,9.49,0.00,0,0,0
1768497885.017,4.23,2.38,-1.60,4.91,2.49,-1.44,4.21,2.35,-1.52,5.36,0.00,0,0,0
1768497885.517,4.23,2.38,-1.60,4.91,2.49,-1.44,4.21,2.35,-1.52,12.92,0.00,0,0,0
1768497886.017,4.23,2.38,-1.60,4.91,2.49,-1.44,4.21,2.35,-1.52,0.53,0.00,0,0,0
1768497886.517,4.23,2.38,-1.60,4.91,2.49,-1.44,4.21,2.35,-1.52,6.42,0.00,0,0,0
1768497887.017,4.23,2.38,-1.60,4.91,2.49,-1.44,4.21,2.35,-1.52,15.73,0.00,0,0,0
1768497887.517,4.23,2.38,-1.60,4.91,2.49,-1.44,4.21,2.35,-1.52,7.29,0.00,0,0,0
1768497888.017,4.23,2.38,-1.60,4.91,2.49,-1.44,4.21,2.35,-1.52,17.58,0.00,0,0,0
1768497888.517,4.23,2.38,-1.60,4.91,2.49,-1.44,4.21,2.35,-1.52,9.58,0.00,0,0,0
1768497889.017,4.23,2.38,-1.60,4.91,2.49,-1.44,4.21,2.35,-1.52,4.75,0.00,0,0,0
1768497889.517,4.23,2.38,-1.60,4.91,2.49,-1.44,4.21,2.35,-1.52,14.85,0.00,0,0,0
1768497890.017,4.23,2.38,-1.60,4.91,2.49,-1.44,4.21,2.35,-1.52,1.32,0.00,0,0,0
1768497890.517,4.23,2.38,-1.60,4.91,2.49,-1.44,4.21,2.35,-1.52,6.50,0.00,0,0,0
1768497891.017,4.23,2.38,-1.61,4.91,2.49,-1.44,4.21,2.35,-1.52,10.46,0.00,0,0,0
1768497891.517,4.23,2.38,-1.64,4.91,2.49,-1.44,4.21,2.35,-1.52,11.07,0.00,0,0,0
1768497892.017,4.24,2.40,-1.72,4.91,2.49,-1.44,4.21,2.35,-1.52,7.03,0.00,0,0,0
1768497892.517,4.26,2.47,-2.20,4.91,2.49,-1.44,4.21,2.35,-1.52,9.58,0.00,0,0,0
1768497893.017,4.30,2.50,-2.70,4.91,2.49,-1.44,4.21,2.35,-1.52,7.47,0.00,0,0,0
1768497893.517,4.33,2.48,-2.99,0.17,2.48,3.14,1.67,2.48,3.14,5.45,0.00,1,0,1
1768497894.017,4.34,2.48,-3.02,0.23,2.03,-3.03,1.67,2.48,3.14,5.36,0.00,1,0,1
1768497894.517,4.33,2.47,-3.01,0.23,2.16,-3.07,1.67,2.48,3.14,5.36,0.00,1,0,1
1768497895.017,4.33,2.47,-3.01,0.26,2.16,-3.06,1.67,2.48,3.14,4.83,0.00,0,0,1
1768497895.517,4.33,2.47,-3.01,0.15,2.17,-3.07,1.67,2.48,3.14,6.50,0.00,1,0,1
1768497896.017,4.33,2.47,-3.01,0.15,2.17,-3.07,1.67,2.48,3.14,6.59,0.00,0,0,1
1768497896.517,4.33,2.47,-3.01,0.24,2.16,-3.06,1.67,2.48,3.14,7.21,0.00,0,0,1
1768497897.017,4.33,2.47,-3.01,0.14,2.17,-3.07,1.67,2.48,3.14,6.68,0.00,1,0,1
1768497897.517,4.33,2.47,-3.01,0.13,2.12,-3.06,1.67,2.48,3.14,6.68,0.00,0,0,1
1768497898.017,4.33,2.47,-3.01,0.14,2.17,-3.07,1.67,2.48,3.14,6.68,0.00,0,0,1
1768497898.517,4.33,2.47,-3.01,0.19,2.16,-3.07,1.67,2.48,3.14,6.68,0.00,0,0,1
1768497899.017,4.33,2.47,-3.01,0.23,2.15,-3.06,0.15,3.04,-3.06,6.68,0.00,0,0,1
1768497899.517,4.33,2.47,-3.01,0.23,2.15,-3.06,0.15,3.04,-3.06,6.68,0.00,0,0,1
1768497900.017,4.33,2.47,-3.01,0.14,2.16,-3.07,0.15,3.04,-3.06,6.68,0.00,0,0,1
1768497900.517,4.33,2.47,-3.01,0.14,2.16,-3.07,0.15,3.04,-3.06,6.68,0.00,0,0,1
1768497901.017,4.33,2.47,-3.01,0.14,2.16,-3.07,0.15,3.04,-3.06,6.68,0.00,0,0,1
1768497901.517,4.33,2.48,3.10,0.25,2.20,-3.07,0.15,3.04,-3.06,6.68,0.00,1,0,1
1768497902.017,4.33,2.48,3.10,0.25,2.20,-3.07,0.15,3.04,-3.06,6.68,0.00,0,0,1
1768497902.517,4.33,2.48,3.10,0.25,2.20,-3.07,0.15,3.04,-3.06,6.68,0.00,0,0,1
1768497903.017,4.33,2.48,3.10,0.25,2.20,-3.07,0.15,3.04,-3.06,6.68,0.00,0,0,1
1768497903.517,4.17,2.49,3.03,0.25,2.20,-3.07,0.15,3.04,-3.06,6.68,0.00,0,0,1
1768497904.017,4.05,2.50,3.02,0.16,2.22,-3.07,0.15,3.04,-3.06,6.68,0.00,0,0,1
1768497904.517,3.90,2.52,3.01,0.16,2.24,-3.07,0.15,3.04,-3.06,6.68,0.00,0,0,1
1768497905.017,3.84,2.53,3.01,0.22,1.94,-2.98,0.15,3.04,-3.06,6.68,0.00,1,0,1
1768497905.517,3.84,2.53,3.01,0.18,2.14,-3.04,0.15,3.04,-3.06,6.68,0.00,1,0,1
1768497906.017,3.41,2.58,3.00,0.19,2.19,-3.02,0.15,3.04,-3.06,6.68,0.00,0,0,1
1768497906.517,3.29,2.59,3.00,0.19,2.19,-3.01,0.15,3.04,-3.06,6.68,0.00,0,0,1
1768497907.017,2.97,2.63,2.99,0.18,2.19,-2.98,0.15,3.04,-3.06,6.68,0.00,0,0,1
1768497907.517,2.97,2.63,2.99,0.15,2.18,-2.98,0.15,3.04,-3.06,6.68,0.00,0,0,1
1768497908.017,2.97,2.63,2.99,0.15,2.18,-2.98,0.15,3.04,-3.06,6.68,0.00,0,0,1
1768497908.517,2.97,2.63,2.99,0.15,2.18,-2.98,0.15,3.04,-3.06,6.68,0.00,0,0,1
1768497909.017,2.25,2.74,2.99,0.15,2.18,-2.98,0.15,3.04,-3.06,6.68,0.00,0,0,0
1768497909.517,2.01,2.77,2.99,0.15,2.18,-2.98,0.15,3.04,-3.06,6.68,0.00,0,0,0
1768497910.017,2.01,2.77,2.99,0.15,2.18,-2.98,0.15,3.04,-3.06,6.68,0.00,0,0,0
1768497910.517,2.01,2.77,2.99,0.15,2.18,-2.98,0.15,3.04,-3.06,6.68,0.00,0,0,0
1768497911.017,2.01,2.77,2.99,0.15,2.18,-2.98,0.15,3.04,-3.06,6.68,0.00,0,0,0
1768497911.517,2.01,2.77,2.99,0.15,2.18,-2.98,0.15,3.04,-3.06,6.68,0.00,0,0,0
1768497912.017,2.01,2.77,2.99,0.15,2.18,-2.98,0.15,3.04,-3.06,6.68,0.00,0,0,0
1768497912.517,2.01,2.77,2.99,0.15,2.18,-2.98,0.15,3.04,-3.06,6.68,0.00,0,0,0
1768497913.017,2.01,2.77,2.99,0.15,2.18,-2.98,0.15,3.04,-3.06,6.68,0.00,0,0,0
1768497913.517,2.01,2.77,2.99,0.15,2.18,-2.98,0.15,3.04,-3.06,6.68,0.00,0,0,0
1768497914.017,2.01,2.77,2.99,0.15,2.18,-2.98,0.15,3.04,-3.06,6.68,0.00,0,0,0
1768497914.517,2.01,2.77,2.99,0.15,2.18,-2.98,0.15,3.04,-3.06,6.68,0.00,0,0,0
1768497915.017,2.01,2.77,2.99,0.15,2.18,-2.98,0.15,3.04,-3.06,6.68,0.00,0,0,0
1768497915.517,2.01,2.77,2.99,0.15,2.18,-2.98,0.15,3.04,-3.06,6.68,0.00,0,0,0
1768497916.017,2.01,2.77,2.99,0.15,2.18,-2.98,0.15,3.04,-3.06,6.68,0.00,0,0,0
1768497916.517,2.01,2.77,2.99,0.15,2.18,-2.98,0.15,3.04,-3.06,6.68,0.00,0,0,0
1768497917.017,2.01,2.77,2.99,0.15,2.18,-2.98,0.15,3.04,-3.06,6.68,0.00,0,0,0
1768497917.517,2.01,2.77,2.99,0.15,2.18,-2.98,0.15,3.04,-3.06,6.68,0.00,0,0,0
1768497918.017,2.01,2.77,2.99,0.15,2.18,-2.98,0.15,3.04,-3.06,6.68,0.00,0,0,0
1768497918.517,2.01,2.77,2.99,0.15,2.18,-2.98,0.15,3.04,-3.06,6.68,0.00,0,0,0
1768497919.017,2.01,2.77,2.99,0.15,2.18,-2.98,0.15,3.04,-3.06,6.68,0.00,0,0,0
1768497919.517,2.01,2.77,2.99,0.15,2.18,-2.98,0.15,3.04,-3.06,6.68,0.00,0,0,0
1768497920.017,2.01,2.77,2.99,0.15,2.18,-2.98,0.15,3.04,-3.06,6.68,0.00,0,0,0
1768497920.517,2.01,2.77,2.99,0.15,2.18,-2.98,0.15,3.04,-3.06,6.68,0.00,0,0,0
1768497921.017,2.01,2.77,2.99,0.15,2.18,-2.98,0.15,3.04,-3.06,6.68,0.00,0,0,0
1768497921.517,2.01,2.77,2.99,0.15,2.18,-2.98,0.15,3.04,-3.06,6.68,0.00,0,0,0
1768497922.017,2.01,2.77,2.99,0.15,2.18,-2.98,0.15,3.04,-3.06,6.68,0.00,0,0,0
1768497922.517,2.01,2.77,2.99,0.15,2.18,-2.98,0.15,3.04,-3.06,6.68,0.00,0,0,0
1768497923.017,2.01,2.77,2.99,0.15,2.18,-2.98,0.15,3.04,-3.06,6.68,0.00,0,0,0
1768497923.517,2.01,2.77,2.99,0.15,2.18,-2.98,0.15,3.04,-3.06,6.68,0.00,0,0,0
1768497924.017,2.01,2.77,2.99,0.15,2.18,-2.98,0.15,3.04,-3.06,6.68,0.00,0,0,0
1768497924.517,2.01,2.77,2.99,0.15,2.18,-2.98,0.15,3.04,-3.06,6.68,0.00,0,0,0
1768497925.017,2.01,2.77,2.99,0.15,2.18,-2.98,0.15,3.04,-3.06,6.68,0.00,0,0,0
1768497925.517,2.01,2.77,2.99,0.15,2.18,-2.98,0.15,3.04,-3.06,6.68,0.00,0,0,0
1768497926.017,2.01,2.77,2.99,0.15,2.18,-2.98,0.15,3.04,-3.06,6.68,0.00,0,0,0
1768497926.517,2.01,2.77,2.99,-2.79,3.93,2.90,-1.33,3.58,2.90,6.68,0.00,1,0,1
1768497927.017,2.01,2.77,2.99,-2.77,3.78,2.93,-1.33,3.58,2.90,6.68,0.00,1,0,1
1768497927.517,2.01,2.77,2.99,-2.77,3.78,2.93,-1.33,3.58,2.90,6.68,0.00,0,0,1
1768497928.017,2.01,2.77,2.99,-2.77,3.78,2.93,-1.33,3.58,2.90,6.68,0.00,0,0,1
1768497928.517,2.01,2.77,2.99,-2.77,3.78,2.93,-1.33,3.58,2.90,6.68,0.00,0,0,1
1768497929.017,2.01,2.77,2.99,-2.77,3.78,2.93,-1.33,3.58,2.90,6.68,0.00,0,0,1
1768497929.517,2.01,2.77,2.99,-2.77,3.78,2.93,-1.33,3.58,2.90,6.68,0.00,0,0,1
1768497930.017,2.01,2.77,2.99,-2.77,3.78,2.93,-1.33,3.58,2.90,6.68,0.00,0,0,1
1768497930.517,2.01,2.77,2.99,-2.77,3.78,2.93,-1.33,3.58,2.90,6.68,0.00,0,0,1
1768497931.017,2.01,2.77,2.99,-2.77,3.78,2.93,-1.33,3.58,2.90,6.68,0.00,0,0,1
1768497931.517,2.01,2.77,2.99,-2.77,3.78,2.93,-1.33,3.58,2.90,6.68,0.00,0,0,1
1768497932.017,2.01,2.77,2.99,-2.77,3.78,2.93,-2.59,4.66,2.93,6.68,0.00,0,0,1
1768497932.517,2.01,2.77,2.99,-2.77,3.78,2.93,-2.59,4.66,2.93,6.68,0.00,0,0,1
1768497933.017,2.01,2.77,2.99,-2.77,3.78,2.93,-2.59,4.66,2.93,6.68,0.00,0,0,1
1768497933.517,2.01,2.77,2.99,-2.77,3.78,2.93,-2.59,4.66,2.93,6.68,0.00,0,0,1
1768497934.017,2.01,2.77,2.99,-2.77,3.78,2.93,-2.59,4.66,2.93,6.68,0.00,0,0,1
1768497934.517,2.01,2.77,2.99,-2.77,3.78,2.93,-2.59,4.66,2.93,6.68,0.00,0,0,1
1768497935.017,2.01,2.77,2.99,-2.77,3.78,2.93,-2.59,4.66,2.93,6.68,0.00,0,0,1
1768497935.517,2.01,2.77,2.99,-2.77,3.78,2.93,-2.59,4.66,2.93,6.68,0.00,0,0,1
1768497936.017,2.01,2.77,2.99,-2.77,3.78,2.93,-2.59,4.66,2.93,6.68,0.00,0,0,1
1768497936.517,2.01,2.77,2.99,-2.77,3.78,2.93,-2.59,4.66,2.93,6.68,0.00,0,0,1
1768497937.017,2.01,2.77,2.99,-2.77,3.78,2.93,-2.59,4.66,2.93,6.68,0.00,0,0,1
1768497937.517,2.01,2.77,2.99,-2.77,3.78,2.93,-2.59,4.66,2.93,6.68,0.00,0,0,1
1768497938.017,2.01,2.77,2.99,-2.77,3.78,2.93,-2.59,4.66,2.93,6.68,0.00,0,0,1
1768497938.517,2.01,2.77,2.99,-2.77,3.78,2.93,-2.59,4.66,2.93,6.68,0.00,0,0,1
1768497939.017,2.01,2.77,2.99,-2.77,3.78,2.93,-2.59,4.66,2.93,6.68,0.00,0,0,1
1768497939.517,2.01,2.77,2.99,-2.77,3.78,2.93,-2.59,4.66,2.93,6.68,0.00,0,0,1
1768497940.017,2.01,2.77,2.99,-2.77,3.78,2.93,-2.59,4.66,2.93,6.68,0.00,0,0,1
1768497940.517,2.01,2.77,2.99,-2.77,3.78,2.93,-2.59,4.66,2.93,6.68,0.00,0,0,1
1768497941.017,2.01,2.77,2.99,-2.77,3.78,2.93,-2.59,4.66,2.93,6.68,0.00,0,0,1
1768497941.517,2.01,2.77,2.99,-2.77,3.78,2.93,-2.59,4.66,2.93,6.68,0.00,0,0,1
1768497942.017,2.01,2.77,2.99,-2.77,3.78,2.93,-2.59,4.66,2.93,6.68,0.00,0,0,1
1768497942.517,2.01,2.77,2.99,-2.77,3.78,2.93,-2.59,4.66,2.93,6.68,0.00,0,0,1
1768497943.017,2.01,2.77,2.99,-2.77,3.78,2.93,-2.59,4.66,2.93,6.68,0.00,0,0,1
1768497943.517,2.01,2.77,2.99,-2.77,3.78,2.93,-2.59,4.66,2.93,6.68,0.00,0,0,1
1768497944.017,2.01,2.77,2.99,-2.77,3.78,2.93,-2.59,4.66,2.93,6.68,0.00,0,0,1
1768497944.517,2.01,2.77,2.99,-2.77,3.78,2.93,-2.59,4.66,2.93,6.68,0.00,0,0,1
1768497945.017,2.01,2.77,2.99,-2.77,3.78,2.93,-2.59,4.66,2.93,6.68,0.00,0,0,1
1768497945.517,2.01,2.77,2.99,-2.77,3.78,2.93,-2.59,4.66,2.93,6.68,0.00,0,0,1
1768497946.017,2.01,2.77,2.99,-2.77,3.78,2.93,-2.59,4.66,2.93,6.68,0.00,0,0,1
1768497946.517,2.01,2.77,2.99,-2.77,3.78,2.93,-2.59,4.66,2.93,6.68,0.00,0,0,1
1768497947.017,2.01,2.77,2.99,-2.77,3.78,2.93,-2.59,4.66,2.93,6.68,0.00,0,0,1
1768497947.517,2.01,2.77,2.99,-2.77,3.78,2.93,-2.59,4.66,2.93,6.68,0.00,0,0,1
1768497948.017,2.01,2.77,2.99,-2.77,3.78,2.93,-2.59,4.66,2.93,6.68,0.00,0,0,1
1768497948.517,2.01,2.77,2.99,-2.79,3.93,2.90,-2.59,4.66,2.93,7.65,0.00,1,0,1
1768497949.017,2.01,2.77,2.99,-2.79,3.93,2.90,-2.59,4.66,2.93,7.65,0.00,0,0,1
1768497949.517,2.01,2.77,2.99,-2.79,3.93,2.90,-2.59,4.66,2.93,7.65,0.00,0,0,1
1768497950.017,2.01,2.77,2.99,-2.79,3.93,2.90,-2.59,4.66,2.93,7.65,0.00,0,0,1
1768497950.517,2.01,2.77,2.99,-2.77,3.78,2.93,-2.59,4.66,2.93,7.65,0.00,1,0,1
1768497951.017,2.01,2.77,2.99,-2.77,3.78,2.93,-2.59,4.66,2.93,7.65,0.00,0,0,1
1768497951.517,2.01,2.77,2.99,-2.77,3.78,2.93,-2.59,4.66,2.93,7.65,0.00,0,0,1
1768497952.017,2.01,2.77,2.99,-2.77,3.78,2.93,-2.59,4.66,2.93,7.65,0.00,0,0,1
1768497952.517,2.01,2.77,2.99,-2.77,3.78,2.93,-2.59,4.66,2.93,7.65,0.00,0,0,1
1768497953.017,2.01,2.77,2.99,-2.77,3.78,2.93,-2.59,4.66,2.93,7.65,0.00,0,0,1
1768497953.517,2.01,2.77,2.99,-2.77,3.78,2.93,-2.59,4.66,2.93,7.65,0.00,0,0,1
1768497954.017,0.06,3.11,1.73,-2.77,3.78,2.93,-2.59,4.66,2.93,7.65,0.00,0,0,0
1768497954.517,0.06,3.11,1.73,-2.77,3.78,2.93,-2.59,4.66,2.93,7.65,0.00,0,0,0
1768497955.017,0.06,3.11,1.73,-2.77,3.78,2.93,-2.59,4.66,2.93,7.65,0.00,0,0,0
1768497955.517,0.06,3.11,1.73,-2.77,3.78,2.93,-2.59,4.66,2.93,7.65,0.00,0,0,0
1768497956.017,0.06,3.11,1.73,-2.77,3.78,2.93,-2.59,4.66,2.93,7.65,0.00,0,0,0
1768497956.517,0.06,3.11,1.73,-0.03,5.79,1.61,0.02,4.29,1.61,7.65,0.00,1,0,1
1768497957.017,0.06,3.11,1.73,-0.03,5.79,1.61,0.02,4.29,1.61,7.65,0.00,0,0,1
1768497957.517,0.06,3.11,1.73,-0.03,5.79,1.61,0.02,4.29,1.61,7.65,0.00,0,0,1
1768497958.017,0.06,3.11,1.73,-0.03,5.79,1.61,0.02,4.29,1.61,7.65,0.00,0,0,1
1768497958.517,0.06,3.11,1.73,-0.03,5.79,1.61,0.02,4.29,1.61,7.65,0.00,0,0,1
1768497959.017,0.06,3.11,1.73,-0.03,5.79,1.61,0.02,4.29,1.61,7.65,0.00,0,0,1
1768497959.517,0.06,3.11,1.73,-0.03,5.79,1.61,0.02,4.29,1.61,7.65,0.00,0,0,1
1768497960.017,0.06,3.11,1.73,-0.03,5.79,1.61,0.02,4.29,1.61,7.65,0.00,0,0,1
1768497960.517,0.06,3.11,1.73,-0.03,5.79,1.61,0.02,4.29,1.61,7.65,0.00,0,0,1
1768497961.017,0.06,3.11,1.73,-0.03,5.79,1.61,0.02,4.29,1.61,7.65,0.00,0,0,1
1768497961.517,0.06,3.11,1.73,-0.02,5.84,1.60,0.02,4.29,1.61,7.65,0.00,0,0,1
1768497962.017,0.06,3.11,1.73,-0.02,5.84,1.60,0.88,5.87,1.60,7.65,0.00,0,0,1
1768497962.517,0.06,3.11,1.73,-0.02,5.84,1.60,0.88,5.87,1.60,7.65,0.00,0,0,1
1768497963.017,0.06,3.11,1.73,-0.02,5.84,1.60,0.88,5.87,1.60,7.65,0.00,0,0,1
1768497963.517,0.06,3.11,1.73,-0.02,5.84,1.60,0.88,5.87,1.60,7.65,0.00,0,0,1
1768497964.017,0.06,3.11,1.73,-0.02,5.84,1.60,0.88,5.87,1.60,7.65,0.00,0,0,1
1768497964.517,0.06,3.11,1.73,-0.02,5.84,1.60,0.88,5.87,1.60,7.65,0.00,0,0,1
1768497965.017,0.06,3.11,1.73,-0.17,5.77,1.66,0.88,5.87,1.60,7.65,0.00,1,0,1
1768497965.517,0.06,3.11,1.73,-0.17,5.77,1.66,0.88,5.87,1.60,7.65,0.00,0,0,1
1768497966.017,0.06,3.10,1.73,-0.17,5.77,1.66,0.88,5.87,1.60,7.65,0.00,0,0,1
1768497966.517,0.06,3.10,1.73,-0.17,5.77,1.66,0.88,5.87,1.60,7.65,0.00,0,0,1
1768497967.017,0.06,3.10,1.73,-0.17,5.77,1.66,0.88,5.87,1.60,7.65,0.00,0,0,1
1768497967.517,0.06,3.11,1.73,-0.17,5.77,1.66,0.88,5.87,1.60,7.65,0.00,0,0,1
1768497968.017,0.06,3.11,1.73,-0.17,5.77,1.66,0.88,5.87,1.60,7.65,0.00,0,0,1
1768497968.517,0.06,3.11,1.73,-0.17,5.77,1.66,0.88,5.87,1.60,7.65,0.00,0,0,1
1768497969.017,0.06,3.11,1.73,-0.17,5.77,1.66,0.88,5.87,1.60,7.65,0.00,0,0,1
1768497969.517,0.06,3.11,1.73,-0.17,5.77,1.66,0.88,5.87,1.60,7.65,0.00,0,0,1
1768497970.017,0.06,3.11,1.73,-0.17,5.77,1.66,0.88,5.87,1.60,7.65,0.00,0,0,1
1768497970.517,0.06,3.11,1.73,-0.17,5.77,1.66,0.88,5.87,1.60,7.65,0.00,0,0,1
1768497971.017,0.06,3.11,1.73,-0.02,5.84,1.60,0.88,5.87,1.60,7.65,0.00,1,0,1
1768497971.517,0.06,3.11,1.73,-0.02,5.84,1.60,0.88,5.87,1.60,7.65,0.00,0,0,1
1768497972.017,0.06,3.11,1.73,-0.02,5.84,1.60,0.88,5.87,1.60,7.56,0.00,0,0,1
1768497972.517,0.06,3.11,1.73,-0.02,5.84,-1.54,-0.92,5.81,-1.54,7.56,0.00,0,0,1
1768497973.017,0.06,3.11,1.73,-0.02,5.84,-1.54,-0.92,5.81,-1.54,7.56,0.00,0,0,1
1768497973.517,0.06,3.11,1.73,-0.02,5.84,-1.54,-0.92,5.81,-1.54,7.56,0.00,0,0,1
1768497974.017,0.06,3.11,1.73,-0.02,5.84,-1.54,-0.92,5.81,-1.54,7.56,0.00,0,0,1
1768497974.517,0.06,3.11,1.73,-0.02,5.84,1.60,-0.92,5.81,-1.54,7.56,0.00,0,0,1
1768497975.017,0.06,3.11,1.73,-0.02,5.84,1.60,-0.92,5.81,-1.54,7.12,0.00,0,0,1
1768497975.517,0.06,3.11,1.73,-0.02,5.84,1.60,-0.92,5.81,-1.54,6.94,0.00,0,0,1
1768497976.017,0.06,3.11,1.73,-0.17,5.77,1.66,-0.92,5.81,-1.54,6.86,0.00,1,0,1
1768497976.517,0.06,3.11,1.73,-0.17,5.77,1.66,-0.92,5.81,-1.54,6.94,0.00,0,0,1
1768497977.017,0.06,3.11,1.73,-0.17,5.77,1.66,-0.92,5.81,-1.54,6.94,0.00,0,0,1
1768497977.517,0.06,3.11,1.73,-0.17,5.77,1.66,-0.92,5.81,-1.54,6.86,0.00,0,0,1
1768497978.017,0.06,3.10,1.73,-0.17,5.77,1.66,0.73,5.85,1.66,2.29,0.00,0,0,1
1768497978.517,0.06,3.10,1.73,-0.17,5.77,1.66,0.73,5.85,1.66,1.58,0.00,0,0,1
1768497979.021,0.06,3.10,1.73,-0.17,5.77,-1.49,0.73,5.85,1.66,0.53,0.00,0,0,1
1768497979.517,0.06,3.10,1.73,-0.17,5.77,-1.49,0.73,5.85,1.66,0.70,0.00,0,0,1
1768497980.017,0.06,3.10,1.73,-0.02,5.84,1.60,0.73,5.85,1.66,4.83,0.00,1,0,1
1768497980.517,0.06,3.10,1.73,-0.17,5.77,1.66,0.73,5.85,1.66,1.05,0.00,1,0,1
1768497981.017,0.06,3.10,1.73,-1.52,7.10,-1.19,0.73,5.85,1.66,0.97,0.00,1,0,1
1768497981.517,0.06,3.10,1.73,-1.52,7.10,-1.19,0.73,5.85,1.66,0.97,0.00,0,0,1
1768497982.017,0.06,3.10,1.73,-1.52,7.10,1.95,0.73,5.85,1.66,4.83,0.00,0,0,1
1768497982.517,0.06,3.10,1.73,-1.52,7.10,-1.19,0.73,5.85,1.66,3.60,0.00,0,0,1
1768497983.017,0.06,3.10,1.73,-1.59,7.10,-1.18,0.73,5.85,1.66,3.52,0.00,0,0,1
1768497983.517,0.06,3.10,1.73,-1.59,7.10,-1.18,0.73,5.85,1.66,3.78,0.00,0,0,1
1768497984.017,0.12,3.34,1.33,-0.17,5.77,-1.45,0.01,4.28,1.69,3.60,0.00,1,0,1
1768497984.517,0.12,3.34,1.33,-0.17,5.77,-1.45,0.01,4.28,1.69,5.19,0.00,0,0,1
1768497985.017,0.12,3.34,1.33,-0.17,5.77,1.69,0.01,4.28,1.69,5.19,0.00,0,0,1
1768497985.517,0.12,3.34,1.33,-0.17,5.77,1.69,0.01,4.28,1.69,6.50,0.00,0,0,1
1768497986.017,0.26,3.94,1.32,0.05,5.91,-1.47,0.01,4.28,1.69,7.12,0.00,1,0,1
1768497986.517,0.27,3.98,1.32,0.19,5.76,1.61,0.01,4.28,1.69,7.82,0.00,1,0,1
1768497987.017,0.27,3.98,1.32,0.19,5.76,1.61,0.01,4.28,1.69,7.12,0.00,1,0,0
1768497987.517,0.27,3.98,1.32,0.19,5.76,1.61,0.01,4.28,1.69,7.82,0.00,1,0,0
1768497988.017,0.26,3.99,1.92,0.18,5.78,1.61,0.01,4.28,1.69,8.53,0.00,0,0,1
1768497988.517,0.26,3.99,1.92,0.18,5.78,1.61,0.01,4.28,1.69,7.65,0.00,0,0,1
1768497989.017,0.26,4.00,2.15,0.18,5.78,1.61,0.01,4.28,1.69,7.56,0.00,0,0,0
1768497989.517,0.26,4.00,2.17,0.18,5.78,1.61,0.01,4.28,1.69,7.12,0.00,0,0,0
1768497990.017,0.26,4.00,2.17,0.18,5.78,1.61,0.01,4.28,1.69,7.29,0.00,0,0,0
1768497990.517,0.26,4.00,2.17,0.18,5.78,1.61,0.01,4.28,1.69,7.29,0.00,0,0,0
1768497991.017,0.26,4.00,2.17,0.18,5.78,1.61,0.01,4.28,1.69,7.29,0.00,0,0,0
1768497991.517,0.26,4.00,2.17,0.18,5.78,1.61,0.01,4.28,1.69,7.29,0.00,0,0,0
1768497992.017,0.26,4.00,2.17,0.18,5.78,1.61,0.01,4.28,1.69,7.29,0.00,0,0,0
1768497992.517,0.26,4.00,2.17,0.18,5.78,1.61,0.01,4.28,1.69,7.82,0.00,0,0,0
1768497993.017,0.04,4.23,2.19,-1.20,7.35,1.95,0.01,4.28,1.69,6.86,0.00,1,0,1
1768497993.517,0.04,4.24,1.92,-0.68,7.41,1.79,0.01,4.28,1.69,6.86,0.00,1,0,1
1768497994.017,0.04,4.24,1.86,-0.68,7.41,1.79,0.01,4.28,1.69,8.53,0.00,1,0,0
1768497994.517,0.04,4.24,1.86,-0.68,7.41,1.79,0.01,4.28,1.69,8.44,0.00,1,0,0
1768497995.017,0.04,4.24,1.86,-0.68,7.41,1.79,0.01,4.28,1.69,8.44,0.00,1,0,0
1768497995.517,0.04,4.24,1.86,-0.68,7.41,1.79,0.01,4.28,1.69,7.29,0.00,1,0,0
1768497996.017,0.04,4.24,1.78,0.05,5.93,1.56,0.01,4.28,1.69,7.29,0.00,1,0,1
1768497996.517,0.04,4.24,1.78,0.05,5.93,1.56,0.95,5.92,1.56,7.21,0.00,0,0,1
1768497997.017,0.04,4.24,1.78,0.05,5.93,1.56,0.95,5.92,1.56,6.59,0.00,0,0,1
1768497997.517,0.04,4.24,1.78,0.05,5.93,1.56,0.95,5.92,1.56,6.59,0.00,0,0,1
1768497998.017,0.04,4.24,1.78,0.05,5.93,1.56,0.95,5.92,1.56,6.59,0.00,0,0,1
1768497998.517,0.04,4.24,1.78,-0.68,7.41,1.80,0.95,5.92,1.56,6.59,0.00,1,0,1
1768497999.017,0.04,4.24,1.78,-1.22,7.27,1.97,0.95,5.92,1.56,6.59,0.00,1,0,1
1768497999.518,0.04,4.22,1.28,0.05,5.93,1.56,0.95,5.92,1.56,6.59,0.00,1,0,1
1768498000.017,0.04,4.22,1.18,0.05,5.93,1.56,0.95,5.92,1.56,6.59,0.00,1,0,0
1768498000.517,0.05,4.24,1.14,0.05,5.93,1.56,0.95,5.92,1.56,6.68,0.00,1,0,0
1768498001.018,0.05,4.24,1.14,0.05,5.93,1.56,0.95,5.92,1.56,6.68,0.00,1,0,0
1768498001.517,0.05,4.24,1.14,0.05,5.93,1.56,0.95,5.92,1.56,6.59,0.00,1,0,0
1768498002.017,0.07,4.30,1.09,0.05,5.93,1.56,0.95,5.92,1.56,6.77,0.00,1,0,0
1768498002.517,0.13,4.41,1.08,0.05,5.93,1.56,0.95,5.92,1.56,6.77,0.00,1,0,0
1768498003.017,0.13,4.41,1.08,0.05,5.93,1.56,0.95,5.92,1.56,6.77,0.00,1,0,0
1768498003.517,0.25,4.63,1.07,0.05,5.93,1.56,0.95,5.92,1.56,6.77,0.00,1,0,0
1768498004.017,0.25,4.63,1.07,0.05,5.93,1.56,0.95,5.92,1.56,6.77,0.00,1,0,0
1768498004.517,0.37,4.85,1.07,0.05,5.93,1.56,0.95,5.92,1.56,6.77,0.00,1,0,0
1768498005.017,0.37,4.85,1.07,0.05,5.93,1.56,0.95,5.92,1.56,6.77,0.00,1,0,0
1768498005.517,0.37,4.85,1.07,0.05,5.93,1.56,0.95,5.92,1.56,6.77,0.00,1,0,0
1768498006.017,0.57,5.24,1.08,0.05,5.93,1.56,0.95,5.92,1.56,6.77,0.00,1,0,0
1768498006.517,0.64,5.35,1.07,0.05,5.93,1.56,0.95,5.92,1.56,6.77,0.00,1,0,0
1768498007.017,0.64,5.35,1.07,0.05,5.93,1.56,0.95,5.92,1.56,6.77,0.00,1,0,0
1768498007.517,0.64,5.35,1.07,0.05,5.93,1.56,0.95,5.92,1.56,6.68,0.00,1,0,0
1768498008.017,0.75,5.57,1.07,0.05,5.93,1.56,0.95,5.92,1.56,6.77,0.00,1,0,0
1768498008.517,0.82,5.68,1.07,0.05,5.93,1.56,0.95,5.92,1.56,6.77,0.00,1,0,0
1768498009.017,0.82,5.68,1.07,0.05,5.93,1.56,0.95,5.92,1.56,6.77,0.00,1,0,0
1768498009.517,0.82,5.68,1.07,0.05,5.93,1.56,0.95,5.92,1.56,6.77,0.00,1,0,0
1768498010.017,0.82,5.68,1.07,0.05,5.93,1.56,0.95,5.92,1.56,6.77,0.00,1,0,0
1768498010.517,0.92,5.90,1.12,0.05,5.93,1.56,0.95,5.92,1.56,6.77,0.00,1,0,0
1768498011.017,0.95,5.89,1.32,0.05,5.93,1.56,0.95,5.92,1.56,6.77,0.00,1,0,0
1768498011.517,0.95,5.89,1.32,0.05,5.93,1.56,0.95,5.92,1.56,6.77,0.00,1,0,0
1768498012.017,0.95,5.89,1.32,0.05,5.93,1.56,0.95,5.92,1.56,6.77,0.00,1,0,0
1768498012.517,0.95,5.89,1.32,0.05,5.93,1.56,0.95,5.92,1.56,6.77,0.00,1,0,0
1768498013.017,0.95,5.89,1.32,0.05,5.93,1.56,0.95,5.92,1.56,6.77,0.00,1,0,0
1768498013.517,0.95,5.89,1.32,0.05,5.93,1.56,0.95,5.92,1.56,1.93,0.00,1,0,0
1768498014.017,0.95,5.89,1.32,0.05,5.93,1.56,0.95,5.92,1.56,5.71,0.00,1,0,0
1768498014.517,0.95,5.89,1.32,0.05,5.93,1.56,0.95,5.92,1.56,1.14,0.00,1,0,0
1768498015.017,0.96,5.89,1.47,0.05,5.93,1.56,0.95,5.92,1.56,2.99,0.00,1,0,0
1768498015.517,0.96,5.89,1.47,0.05,5.93,1.56,0.95,5.92,1.56,0.26,0.00,1,0,0
1768498016.017,0.96,5.88,1.36,0.05,5.93,1.56,0.95,5.92,1.56,3.08,0.00,1,0,0
1768498016.517,0.96,5.88,1.36,0.05,5.93,1.56,0.95,5.92,1.56,17.84,0.00,1,0,0
1768498017.017,0.96,5.88,1.36,0.05,5.93,1.56,0.95,5.92,1.56,0.44,0.00,1,0,0
1768498017.517,0.96,5.88,1.36,2.72,9.79,1.15,0.95,5.92,1.56,3.08,0.00,1,0,1
1768498018.017,0.96,5.88,1.36,1.54,9.59,1.42,0.95,5.92,1.56,0.88,0.00,1,0,1
1768498018.517,0.86,5.81,0.39,1.54,9.59,1.42,0.95,5.92,1.56,1.32,0.00,1,0,0
1768498019.017,0.86,5.81,0.39,1.54,9.59,1.42,0.95,5.92,1.56,3.60,0.00,1,0,0
1768498019.517,0.78,5.80,0.02,1.54,9.59,1.42,0.95,5.92,1.56,4.75,0.00,1,0,0
1768498020.017,0.78,5.80,0.02,1.54,9.59,1.42,0.95,5.92,1.56,4.31,0.00,1,0,0
1768498020.517,0.78,5.80,0.04,1.54,9.59,1.42,0.95,5.92,1.56,16.17,0.00,1,0,0
1768498021.017,0.78,5.80,0.04,1.54,9.59,1.42,0.95,5.92,1.56,0.44,0.00,1,0,0
1768498021.517,0.77,5.80,0.04,1.54,9.59,1.42,0.95,5.92,1.56,8.26,0.00,1,0,0
1768498022.017,0.77,5.80,0.04,1.54,9.59,1.42,0.95,5.92,1.56,19.60,0.00,1,0,0
1768498022.517,0.77,5.80,0.04,1.54,9.59,1.42,0.95,5.92,1.56,19.60,0.00,1,0,0
1768498023.017,0.77,5.80,0.04,1.54,9.59,1.42,0.95,5.92,1.56,19.60,0.00,1,0,0
1768498023.517,0.77,5.80,0.04,1.54,9.59,1.42,0.95,5.92,1.56,19.60,0.00,1,0,0
1768498024.017,0.77,5.80,0.04,1.54,9.59,1.42,0.95,5.92,1.56,7.65,0.00,1,0,0
1768498024.517,0.77,5.80,0.04,1.54,9.59,1.42,0.95,5.92,1.56,7.65,0.00,1,0,0
1768498025.017,0.77,5.80,0.04,1.54,9.59,1.42,0.95,5.92,1.56,7.65,0.00,1,0,0
1768498025.517,0.77,5.80,0.04,4.81,6.13,0.08,0.95,5.92,1.56,7.65,7.12,1,0,1
1768498026.017,0.77,5.80,0.04,4.81,6.16,0.09,0.95,5.92,1.56,7.65,7.03,0,0,1
1768498026.517,0.77,5.80,0.04,4.81,6.16,0.09,4.89,5.27,0.09,7.65,7.12,0,0,1
1768498027.017,0.77,5.80,0.04,4.81,6.16,0.09,4.89,5.27,0.09,7.65,7.03,0,0,1
1768498027.517,0.77,5.80,0.04,4.81,6.14,0.08,4.89,5.27,0.09,7.56,7.03,0,0,1
1768498028.017,0.77,5.80,0.04,4.81,6.13,0.08,4.89,5.27,0.09,7.47,7.03,0,0,1
1768498028.517,0.77,5.80,-0.03,4.80,6.15,0.09,4.89,5.27,0.09,7.47,7.03,0,0,1
1768498029.017,0.78,5.80,-0.04,4.73,6.40,0.15,4.89,5.27,0.09,7.47,7.03,1,0,1
1768498029.517,0.80,5.80,-0.09,4.81,6.14,0.08,4.89,5.27,0.09,7.47,7.03,1,0,1
1768498030.017,0.84,5.79,-0.11,4.79,6.16,0.09,4.89,5.27,0.09,7.47,7.03,0,0,1
1768498030.517,0.91,5.78,-0.12,4.81,6.14,0.09,4.89,5.27,0.09,7.47,7.03,0,0,1
1768498031.017,0.98,5.78,-0.12,4.78,6.14,0.10,4.89,5.27,0.09,7.47,7.03,0,0,1
1768498031.517,1.09,5.76,-0.13,4.79,6.11,0.09,4.89,5.27,0.09,7.47,7.03,0,0,1
1768498032.017,1.20,5.75,-0.13,4.65,6.35,0.17,4.89,5.27,0.09,7.47,7.03,1,0,1
1768498032.517,1.38,5.73,-0.13,4.81,6.13,0.11,4.89,5.27,0.09,7.47,7.03,1,0,1
1768498033.017,1.54,5.71,-0.13,4.78,6.13,0.13,4.89,5.27,0.09,7.47,7.03,0,0,1
1768498033.517,1.77,5.68,-0.14,4.66,6.36,0.23,4.89,5.27,0.09,7.47,7.03,1,0,1
1768498034.017,1.91,5.67,-0.13,4.76,6.16,0.17,4.89,5.27,0.09,7.47,7.03,1,0,1
1768498034.517,2.15,5.63,-0.13,4.68,6.23,0.23,4.89,5.27,0.09,7.47,7.03,0,0,1
1768498035.017,2.27,5.62,-0.14,4.76,6.14,0.21,4.89,5.27,0.09,7.47,7.03,0,0,1
1768498035.517,2.52,5.59,-0.14,4.76,6.14,0.21,4.89,5.27,0.09,7.47,7.03,0,0,0
1768498036.017,2.69,5.57,-0.13,4.76,6.14,0.21,4.89,5.27,0.09,7.47,7.03,0,0,0
1768498036.517,2.93,5.54,-0.13,4.76,6.14,0.21,4.89,5.27,0.09,7.47,7.03,0,0,0
1768498037.017,3.09,5.51,-0.14,4.76,6.14,0.21,4.89,5.27,0.09,7.47,7.03,0,0,0
1768498037.517,3.32,5.48,-0.15,4.76,6.14,0.21,4.89,5.27,0.09,7.47,7.03,0,0,0
1768498038.017,3.46,5.47,-0.13,4.76,6.14,0.21,4.89,5.27,0.09,7.47,7.03,0,0,0
1768498038.517,3.70,5.44,-0.13,4.76,6.14,0.21,4.89,5.27,0.09,7.47,7.03,0,0,0
1768498039.018,3.82,5.42,-0.14,4.76,6.14,0.21,4.89,5.27,0.09,7.47,7.03,0,0,0
1768498039.517,3.97,5.40,-0.14,4.76,6.14,0.21,4.89,5.27,0.09,7.47,7.03,0,0,0
1768498040.017,4.07,5.39,-0.15,4.76,6.14,0.21,4.89,5.27,0.09,7.47,7.03,0,0,0
1768498040.517,4.21,5.37,-0.13,4.76,6.14,0.21,4.89,5.27,0.09,7.47,7.03,0,0,0
1768498041.017,4.32,5.36,-0.14,4.76,6.14,0.21,4.89,5.27,0.09,7.47,7.03,0,0,0
1768498041.517,4.40,5.34,-0.14,4.76,6.14,0.21,4.89,5.27,0.09,7.47,7.03,0,0,0
1768498042.017,4.49,5.33,-0.13,4.76,6.14,0.21,4.89,5.27,0.09,7.47,7.03,0,0,0
1768498042.517,4.62,5.31,-0.14,4.76,6.14,0.21,4.89,5.27,0.09,7.47,7.03,0,0,0
1768498043.017,4.69,5.30,-0.14,4.76,6.14,0.21,4.89,5.27,0.09,7.47,7.03,0,0,0
1768498043.517,4.79,5.29,-0.13,4.76,6.14,0.21,4.89,5.27,0.09,7.47,7.03,0,0,0
1768498044.017,4.82,5.29,-0.13,4.76,6.14,0.21,4.89,5.27,0.09,7.47,7.03,0,0,0
1768498044.517,4.84,5.29,-0.14,4.76,6.14,0.21,4.89,5.27,0.09,7.47,7.03,0,0,0
1768498045.017,4.84,5.29,-0.08,4.76,6.14,0.21,4.89,5.27,0.09,7.47,7.03,0,0,0
1768498045.517,4.85,5.29,-0.00,4.76,6.14,0.21,4.89,5.27,0.09,7.47,7.03,0,0,0
1768498046.017,4.85,5.29,0.01,4.76,6.14,0.21,4.89,5.27,0.09,7.47,7.03,0,0,0
1768498046.517,4.84,5.29,0.01,4.76,6.14,0.21,4.89,5.27,0.09,2.90,1.05,0,0,0
1768498047.017,4.84,5.28,0.00,4.76,6.14,0.21,4.89,5.27,0.09,4.13,5.27,0,0,0
1768498047.517,4.84,5.29,0.01,4.76,6.14,0.21,4.89,5.27,0.09,2.20,20.04,0,0,0
1768498048.017,4.84,5.29,0.00,4.76,6.14,0.21,4.89,5.27,0.09,9.05,3.87,0,0,0
1768498048.517,4.84,5.29,0.00,4.76,6.14,0.21,4.89,5.27,0.09,0.62,18.63,0,0,0
1768498049.017,4.84,5.29,0.00,4.76,6.14,0.21,4.89,5.27,0.09,5.71,53.17,0,0,0
1768498049.517,4.84,5.29,0.00,4.76,6.14,0.21,4.89,5.27,0.09,18.98,11.43,0,0,0
1768498050.017,4.84,5.29,0.00,4.76,6.14,0.21,4.89,5.27,0.09,2.90,46.76,0,0,0
1768498050.517,4.84,5.29,0.00,4.76,6.14,0.21,4.89,5.27,0.09,5.27,2.02,0,0,0
1768498051.017,4.83,5.29,-0.08,4.76,6.14,0.21,4.89,5.27,0.09,0.26,11.25,0,0,0
1768498051.517,4.79,5.30,-0.37,4.76,6.14,0.21,4.89,5.27,0.09,3.87,1.23,0,0,0
1768498052.017,4.78,5.30,-0.61,4.76,6.14,0.21,4.89,5.27,0.09,20.04,12.13,0,0,0
1768498052.517,4.77,5.31,-1.10,5.03,3.32,-1.44,4.89,5.27,0.09,12.22,39.02,1,0,1
1768498053.017,4.78,5.31,-1.27,5.03,3.32,-1.44,4.89,5.27,0.09,7.56,6.77,1,0,0
1768498053.517,4.78,5.31,-1.47,4.89,2.50,-1.53,4.83,4.00,-1.53,13.71,4.83,1,0,1
1768498054.017,4.78,5.29,-1.49,5.01,2.56,-1.49,4.83,4.00,-1.53,8.70,12.13,1,0,1
1768498054.517,4.78,5.30,-1.48,4.92,2.52,-1.52,4.83,4.00,-1.53,8.96,7.21,0,0,1
1768498055.017,4.78,5.30,-1.48,5.05,2.55,-1.47,4.83,4.00,-1.53,7.56,6.42,1,0,1
1768498055.517,4.77,5.30,-1.49,5.05,2.55,-1.47,4.83,4.00,-1.53,7.56,6.50,0,0,1
1768498056.017,4.78,5.29,-1.51,5.08,2.53,-1.46,4.83,4.00,-1.53,7.56,6.33,0,0,1
1768498056.517,4.78,5.25,-1.52,4.92,2.51,-1.52,4.83,4.00,-1.53,7.56,6.33,1,0,1
1768498057.017,4.79,5.21,-1.53,5.07,2.54,-1.47,4.83,4.00,-1.53,7.38,6.33,1,0,1
1768498057.517,4.79,5.13,-1.53,5.07,2.55,-1.47,4.83,4.00,-1.53,7.38,6.33,0,0,1
1768498058.017,4.80,5.06,-1.53,5.07,2.56,-1.46,4.83,4.00,-1.53,7.38,6.33,0,0,1
1768498058.517,4.81,4.96,-1.54,4.96,2.51,-1.51,4.83,4.00,-1.53,7.47,6.33,1,0,1
1768498059.017,4.81,4.88,-1.54,5.07,2.56,-1.46,4.17,2.46,-1.46,7.38,6.33,1,0,1
1768498059.517,4.81,4.77,-1.54,4.96,2.50,-1.51,4.17,2.46,-1.46,7.38,6.33,1,0,1
1768498060.017,4.81,4.70,-1.54,4.96,2.52,-1.50,4.17,2.46,-1.46,7.47,6.33,0,0,1
1768498060.517,4.81,4.71,-1.54,5.06,2.53,-1.46,4.17,2.46,-1.46,7.38,6.33,1,0,1
1768498061.017,4.80,4.71,-1.68,5.06,2.53,-1.46,4.17,2.46,-1.46,7.38,6.33,0,0,1
1768498061.517,4.81,4.71,-1.75,5.08,2.55,-1.45,4.17,2.46,-1.46,7.38,6.33,0,0,1
1768498062.017,4.81,4.70,-1.79,5.08,2.55,-1.45,4.17,2.46,-1.46,7.47,6.33,0,0,1
1768498062.517,4.80,4.66,-1.81,5.05,2.53,-1.45,4.17,2.46,-1.46,7.38,6.33,0,0,1
1768498063.017,4.78,4.61,-1.83,4.95,2.53,-1.49,4.17,2.46,-1.46,7.38,6.33,0,0,1
1768498063.517,4.76,4.52,-1.84,4.95,2.51,-1.48,4.17,2.46,-1.46,7.47,6.33,0,0,1
1768498064.017,4.74,4.46,-1.84,4.89,2.41,-1.50,4.17,2.46,-1.46,7.38,6.33,1,0,1
1768498064.517,4.74,4.46,-1.84,4.89,2.41,-1.50,4.17,2.46,-1.46,7.47,6.33,1,0,0
1768498065.017,4.74,4.46,-1.84,4.89,2.41,-1.50,4.17,2.46,-1.46,7.38,6.33,1,0,0
1768498065.517,4.63,4.02,-1.85,4.89,2.41,-1.50,4.17,2.46,-1.46,7.47,6.33,1,0,0
1768498066.017,4.59,3.86,-1.86,4.89,2.41,-1.50,4.17,2.46,-1.46,7.38,6.33,1,0,0
1768498066.517,4.53,3.63,-1.86,4.89,2.41,-1.50,4.17,2.46,-1.46,7.38,6.33,1,0,0
1768498067.017,4.51,3.54,-1.86,4.89,2.41,-1.50,4.17,2.46,-1.46,7.38,6.33,1,0,0
1768498067.517,4.46,3.38,-1.86,4.89,2.41,-1.50,4.17,2.46,-1.46,7.38,6.33,1,0,0
1768498068.017,4.43,3.29,-1.86,4.89,2.41,-1.50,4.17,2.46,-1.46,7.47,6.33,1,0,0
1768498068.517,4.39,3.15,-1.87,4.89,2.41,-1.50,4.17,2.46,-1.46,7.47,6.33,1,0,0
1768498069.017,4.37,3.06,-1.86,4.89,2.41,-1.50,4.17,2.46,-1.46,7.47,6.33,1,0,0
1768498069.517,4.33,2.94,-1.86,4.89,2.41,-1.50,4.17,2.46,-1.46,7.38,6.33,1,0,0
1768498070.017,4.32,2.88,-1.86,4.89,2.41,-1.50,4.17,2.46,-1.46,7.38,6.33,1,0,0
1768498070.517,4.28,2.76,-1.86,4.89,2.41,-1.50,4.17,2.46,-1.46,7.38,6.33,1,0,0
1768498071.017,4.26,2.68,-1.87,4.89,2.41,-1.50,4.17,2.46,-1.46,7.47,6.33,1,0,0
1768498071.517,4.23,2.57,-1.86,4.89,2.41,-1.50,4.17,2.46,-1.46,7.47,6.33,1,0,0
1768498072.017,4.22,2.53,-1.86,4.89,2.41,-1.50,4.17,2.46,-1.46,7.47,6.33,1,0,0
1768498072.517,4.20,2.49,-1.86,4.89,2.41,-1.50,4.17,2.46,-1.46,7.47,6.33,1,0,0
1768498073.017,4.21,2.49,-1.83,4.89,2.41,-1.50,4.17,2.46,-1.46,7.47,6.33,1,0,0
1768498073.517,4.21,2.49,-1.64,4.89,2.41,-1.50,4.17,2.46,-1.46,7.47,6.33,1,0,0
1768498074.017,4.21,2.49,-1.57,4.89,2.41,-1.50,4.17,2.46,-1.46,7.38,6.33,1,0,0
1768498074.517,4.20,2.49,-1.56,4.89,2.41,-1.50,4.17,2.46,-1.46,7.38,6.33,1,0,0
1768498075.017,4.20,2.49,-1.56,4.89,2.41,-1.50,4.17,2.46,-1.46,5.10,24.61,1,0,0
1768498075.517,4.20,2.49,-1.56,4.89,2.41,-1.50,4.17,2.46,-1.46,13.97,2.72,1,0,0
1768498076.017,4.20,2.49,-1.56,4.89,2.41,-1.50,4.17,2.46,-1.46,1.41,18.72,1,0,0
1768498076.517,4.20,2.49,-1.56,4.89,2.41,-1.50,4.17,2.46,-1.46,7.56,5.10,1,0,0
1768498077.017,4.21,2.49,-1.57,4.89,2.41,-1.50,4.17,2.46,-1.46,4.13,13.71,1,0,0
1768498077.517,4.21,2.49,-1.61,4.89,2.41,-1.50,4.17,2.46,-1.46,9.67,45.18,1,0,0
1768498078.017,4.20,2.47,-1.74,4.89,2.41,-1.50,4.17,2.46,-1.46,14.68,2.02,1,0,0
1768498078.517,4.19,2.43,-1.99,4.89,2.41,-1.50,4.17,2.46,-1.46,8.26,46.58,1,0,0
1768498079.017,4.17,2.40,-2.21,3.33,1.82,-2.54,4.17,2.46,-1.46,3.78,0.18,1,0,1
1768498079.517,4.14,2.35,-2.51,2.83,1.80,-2.74,4.17,2.46,-1.46,0.26,13.10,1,0,1
1768498080.017,4.12,2.35,-2.63,2.50,1.86,-2.85,2.24,2.72,-2.85,9.40,0.18,1,0,1
1768498080.517,4.08,2.33,-2.85,2.30,1.85,-2.88,2.24,2.72,-2.85,14.24,0.62,1,0,1
1768498081.017,4.07,2.32,-2.91,1.81,1.82,-2.92,2.24,2.72,-2.85,1.67,20.92,1,0,1
1768498081.517,4.08,2.33,-2.89,1.29,1.91,-2.99,2.24,2.72,-2.85,9.40,4.13,1,0,1
1768498082.017,4.08,2.33,-2.89,0.91,1.99,-3.04,2.24,2.72,-2.85,16.70,9.67,1,0,1
1768498082.517,4.08,2.33,-2.89,0.60,1.89,-3.02,2.24,2.72,-2.85,12.22,43.33,1,0,1
1768498083.017,4.08,2.33,-2.89,0.45,2.12,-3.08,2.24,2.72,-2.85,10.02,5.10,1,0,1
1768498083.517,4.08,2.33,-2.89,0.32,1.92,-3.03,2.24,2.72,-2.85,10.02,1.93,1,0,1
1768498084.017,4.08,2.33,-2.89,0.15,2.13,-3.09,2.24,2.72,-2.85,7.82,5.71,1,0,1
1768498084.517,4.08,2.33,-2.89,0.20,1.95,-3.04,2.24,2.72,-2.85,8.09,5.71,1,0,1
1768498085.017,4.08,2.33,-2.89,0.15,2.14,-3.09,2.24,2.72,-2.85,8.17,5.71,1,0,1
1768498085.517,4.08,2.33,-2.89,0.19,1.95,-3.04,0.10,2.84,-3.04,8.17,5.71,1,0,1
1768498086.017,4.08,2.33,-2.89,0.17,1.96,-3.05,0.10,2.84,-3.04,8.26,5.71,0,0,1
1768498086.517,4.08,2.33,-2.89,0.24,1.94,-3.04,0.10,2.84,-3.04,8.26,5.71,0,0,1
1768498087.017,4.08,2.33,-2.89,0.28,1.92,-3.04,0.10,2.84,-3.04,8.53,5.71,0,0,1
1768498087.517,4.08,2.34,-3.11,0.18,2.02,-3.06,0.10,2.84,-3.04,9.23,5.71,0,0,1
1768498088.017,4.08,2.33,-3.11,0.16,1.91,-3.03,0.10,2.84,-3.04,9.23,5.71,1,0,1
1768498088.517,4.07,2.33,3.08,0.28,1.90,-3.03,0.10,2.84,-3.04,9.23,5.71,1,0,1
1768498089.017,4.04,2.33,3.06,0.27,1.94,-3.04,0.10,2.84,-3.04,9.23,5.71,0,0,1
1768498089.517,3.98,2.34,3.03,0.23,1.94,-3.04,0.10,2.84,-3.04,9.23,5.71,0,0,1
1768498090.017,3.92,2.34,3.02,0.18,2.12,-3.08,0.10,2.84,-3.04,9.23,5.71,1,0,1
1768498090.517,3.80,2.36,3.02,0.15,2.14,-3.08,0.10,2.84,-3.04,9.23,5.71,0,0,1
1768498091.017,3.72,2.37,3.02,0.18,2.17,-3.09,0.10,2.84,-3.04,9.23,5.71,0,0,1
1768498091.517,3.56,2.39,3.01,0.17,2.13,-3.06,0.10,2.84,-3.04,9.23,5.71,0,0,1
1768498092.017,3.43,2.41,3.02,0.18,2.15,0.08,0.10,2.84,-3.04,9.23,5.71,0,0,1
1768498092.517,3.22,2.43,3.01,0.32,1.96,-2.98,0.10,2.84,-3.04,9.23,5.71,1,0,1
1768498093.017,3.06,2.45,3.00,0.32,1.90,-2.94,0.10,2.84,-3.04,9.23,5.71,0,0,1
1768498093.517,2.82,2.48,3.00,0.23,1.93,-2.93,0.10,2.84,-3.04,9.23,5.71,0,0,1
1768498094.017,2.66,2.50,3.01,0.37,1.95,-2.91,0.10,2.84,-3.04,9.23,5.71,1,0,1
1768498094.517,2.45,2.52,3.01,0.31,2.06,-2.93,0.10,2.84,-3.04,9.23,5.71,1,0,1
1768498095.017,2.30,2.55,3.00,0.21,2.12,-2.94,0.10,2.84,-3.04,9.23,5.71,1,0,1
1768498095.517,2.06,2.58,3.01,0.21,2.12,-2.94,0.10,2.84,-3.04,9.23,5.71,1,0,0
1768498096.017,1.88,2.60,3.01,0.21,2.12,-2.94,0.10,2.84,-3.04,9.23,5.71,1,0,0
1768498096.517,1.64,2.63,3.00,0.21,2.12,-2.94,0.10,2.84,-3.04,9.23,5.71,1,0,0
1768498097.017,1.48,2.65,3.00,0.21,2.12,-2.94,0.10,2.84,-3.04,9.23,5.71,1,0,0
1768498097.517,1.29,2.68,3.01,0.21,2.12,-2.94,0.10,2.84,-3.04,9.23,5.71,1,0,0
1768498098.017,1.18,2.69,3.00,0.21,2.12,-2.94,0.10,2.84,-3.04,9.23,5.71,1,0,0
1768498098.517,1.01,2.71,3.01,0.21,2.12,-2.94,0.10,2.84,-3.04,9.23,5.71,1,0,0
1768498099.017,0.91,2.72,3.00,0.21,2.12,-2.94,0.10,2.84,-3.04,9.23,5.71,1,0,0
1768498099.517,0.78,2.74,3.00,0.21,2.12,-2.94,0.10,2.84,-3.04,9.23,5.71,1,0,0
1768498100.017,0.69,2.75,3.01,0.21,2.12,-2.94,0.10,2.84,-3.04,9.23,5.71,1,0,0
1768498100.517,0.57,2.77,3.00,0.21,2.12,-2.94,0.10,2.84,-3.04,9.23,5.71,1,0,0
1768498101.017,0.51,2.77,3.00,0.21,2.12,-2.94,0.10,2.84,-3.04,9.23,5.71,1,0,0
1768498101.517,0.39,2.79,3.00,0.21,2.12,-2.94,0.10,2.84,-3.04,9.23,5.71,1,0,0
1768498102.017,0.29,2.80,3.00,0.21,2.12,-2.94,0.10,2.84,-3.04,9.23,5.71,1,0,0
1768498102.517,0.19,2.81,3.00,0.21,2.12,-2.94,0.10,2.84,-3.04,9.23,5.71,1,0,0
1768498103.017,0.17,2.81,3.00,0.21,2.12,-2.94,0.10,2.84,-3.04,9.23,5.71,1,0,0
1768498103.517,0.13,2.82,3.00,0.21,2.12,-2.94,0.10,2.84,-3.04,9.23,5.71,1,0,0
1768498104.017,0.14,2.82,3.10,0.21,2.12,-2.94,0.10,2.84,-3.04,9.23,5.71,1,0,0
1768498104.517,0.14,2.82,-3.13,0.21,2.12,-2.94,0.10,2.84,-3.04,9.23,5.71,1,0,0
1768498105.017,0.14,2.82,-3.13,0.21,2.12,-2.94,0.10,2.84,-3.04,10.20,5.71,1,0,0
1768498105.517,0.14,2.82,-3.13,0.21,2.12,-2.94,0.10,2.84,-3.04,9.40,14.59,1,0,0
1768498106.017,0.14,2.82,-3.13,0.21,2.12,-2.94,0.10,2.84,-3.04,4.04,0.26,1,0,0
1768498106.517,0.14,2.82,-3.13,0.21,2.12,-2.94,0.10,2.84,-3.04,0.62,16.88,1,0,0
1768498107.017,0.14,2.82,-3.13,0.21,2.12,-2.94,0.10,2.84,-3.04,6.59,0.09,1,0,0
1768498107.517,0.14,2.82,-3.13,0.21,2.12,-2.94,0.10,2.84,-3.04,17.23,0.79,1,0,0
1768498108.017,0.14,2.82,-3.14,0.21,2.12,-2.94,0.10,2.84,-3.04,6.15,28.74,1,0,0
1768498108.517,0.14,2.82,3.09,0.21,2.12,-2.94,0.10,2.84,-3.04,23.47,8.53,1,0,0
1768498109.018,0.15,2.82,2.94,0.21,2.12,-2.94,0.10,2.84,-3.04,3.60,9.49,1,0,0
1768498109.517,0.15,2.82,2.94,0.21,2.12,-2.94,0.10,2.84,-3.04,7.65,33.13,1,0,0
1768498110.017,0.11,2.86,2.02,-0.29,4.22,1.85,0.10,2.84,-3.04,15.03,11.16,1,0,1
1768498110.517,0.10,2.87,1.91,-0.29,4.34,1.82,0.59,4.57,1.82,1.58,14.59,1,0,1
1768498111.017,0.09,2.88,1.82,-0.34,4.69,1.81,0.59,4.57,1.82,3.34,0.70,1,0,1
1768498111.517,0.09,2.89,1.66,-0.14,5.04,1.68,0.59,4.57,1.82,4.57,13.45,1,0,1
1768498112.017,0.09,2.90,1.64,-0.18,5.22,1.69,0.59,4.57,1.82,3.52,42.80,1,0,1
1768498112.517,0.09,2.89,1.64,-0.05,5.60,1.62,0.59,4.57,1.82,6.86,8.44,1,0,1
1768498113.017,0.09,2.89,1.64,-0.21,5.80,1.67,0.59,4.57,1.82,7.38,7.47,1,0,1
1768498113.517,0.10,2.89,1.64,-0.15,5.77,1.66,0.59,4.57,1.82,7.65,7.21,0,0,1
1768498114.017,0.09,2.89,1.64,-0.02,5.81,1.61,0.59,4.57,1.82,7.73,7.21,1,0,1
1768498114.517,0.10,2.89,1.64,-0.03,5.81,1.61,0.59,4.57,1.82,7.73,7.12,0,0,1
1768498115.017,0.10,2.89,1.64,-0.16,5.77,1.66,0.59,4.57,1.82,7.73,7.12,1,0,1
1768498115.517,0.09,2.89,1.64,-0.03,5.80,1.61,0.59,4.57,1.82,7.73,7.12,1,0,1
1768498116.017,0.10,2.89,1.64,-0.03,5.80,1.61,0.87,5.84,1.61,7.73,7.12,0,0,1
1768498116.517,0.10,2.89,1.64,-0.16,5.77,1.66,0.87,5.84,1.61,7.73,7.12,1,0,1
1768498117.017,0.09,2.89,1.64,-0.03,5.80,1.61,0.87,5.84,1.61,7.73,7.12,1,0,1
1768498117.517,0.10,2.89,1.64,-0.98,7.35,1.81,0.87,5.84,1.61,7.73,7.12,1,0,1
1768498118.017,0.10,2.89,1.47,-0.16,5.83,1.66,0.87,5.84,1.61,7.73,7.12,1,0,1
1768498118.517,0.10,2.89,1.40,0.00,5.92,1.60,0.87,5.84,1.61,7.73,7.12,1,0,1
1768498119.017,0.10,2.90,1.37,-0.18,5.76,1.67,0.87,5.84,1.61,7.73,7.12,1,0,1
1768498119.517,0.10,2.90,1.37,-0.14,5.77,1.65,0.87,5.84,1.61,7.73,7.12,0,0,1
1768498120.017,0.13,3.02,1.33,-0.03,5.80,1.63,0.87,5.84,1.61,7.73,7.12,1,0,1
1768498120.517,0.14,3.09,1.32,-0.17,5.76,1.69,0.87,5.84,1.61,7.73,7.12,1,0,1
1768498121.017,0.16,3.16,1.32,-0.04,5.78,1.65,0.87,5.84,1.61,7.73,7.12,1,0,1
1768498121.517,0.20,3.31,1.32,-0.04,5.80,1.67,0.87,5.84,1.61,7.73,7.12,0,0,1
1768498122.017,0.23,3.43,1.31,0.02,5.88,1.66,0.87,5.84,1.61,7.73,7.12,0,0,1
1768498122.517,0.28,3.63,1.31,0.03,5.93,1.68,0.87,5.84,1.61,7.73,7.12,0,0,1
1768498123.017,0.32,3.79,1.31,0.03,5.93,1.68,0.87,5.84,1.61,7.73,7.03,0,0,0
1768498123.517,0.37,4.00,1.31,0.03,5.93,1.68,0.87,5.84,1.61,7.73,7.03,0,0,0
1768498124.017,0.40,4.14,1.32,0.03,5.93,1.68,0.87,5.84,1.61,7.65,7.03,0,0,0
1768498124.517,0.46,4.38,1.30,0.03,5.93,1.68,0.87,5.84,1.61,7.65,7.03,0,0,0
1768498125.017,0.50,4.52,1.30,0.03,5.93,1.68,0.87,5.84,1.61,7.73,7.03,0,0,0
1768498125.517,0.55,4.73,1.30,0.03,5.93,1.68,0.87,5.84,1.61,7.73,7.03,0,0,0
1768498126.017,0.59,4.85,1.30,0.03,5.93,1.68,0.87,5.84,1.61,7.65,7.03,0,0,0
1768498126.517,0.63,4.99,1.29,0.03,5.93,1.68,0.87,5.84,1.61,7.65,7.03,0,0,0
1768498127.017,0.64,5.07,1.30,0.03,5.93,1.68,0.87,5.84,1.61,7.73,7.03,0,0,0
1768498127.517,0.68,5.19,1.30,0.03,5.93,1.68,0.87,5.84,1.61,7.73,7.03,0,0,0
1768498128.017,0.70,5.27,1.30,0.03,5.93,1.68,0.87,5.84,1.61,7.65,6.94,0,0,0
1768498128.517,0.73,5.40,1.30,0.03,5.93,1.68,0.87,5.84,1.61,7.73,6.94,0,0,0
1768498129.017,0.75,5.48,1.30,0.03,5.93,1.68,0.87,5.84,1.61,7.65,7.03,0,0,0
1768498129.517,0.78,5.60,1.30,0.03,5.93,1.68,0.87,5.84,1.61,7.65,6.94,0,0,0
1768498130.017,0.80,5.67,1.30,0.03,5.93,1.68,0.87,5.84,1.61,7.73,6.94,0,0,0
1768498130.517,0.82,5.75,1.30,0.03,5.93,1.68,0.87,5.84,1.61,7.73,7.03,0,0,0
1768498131.017,0.83,5.78,1.30,0.03,5.93,1.68,0.87,5.84,1.61,7.73,6.94,0,0,0
1768498131.517,0.84,5.81,1.30,0.03,5.93,1.68,0.87,5.84,1.61,7.65,7.03,0,0,0
1768498132.017,0.83,5.81,1.46,0.03,5.93,1.68,0.87,5.84,1.61,7.65,6.94,0,0,0
1768498132.517,0.83,5.81,1.53,0.03,5.93,1.68,0.87,5.84,1.61,7.73,7.03,0,0,0
1768498133.017,0.84,5.80,1.52,0.03,5.93,1.68,0.87,5.84,1.61,7.73,24.87,0,0,0
1768498133.517,0.83,5.80,1.52,0.03,5.93,1.68,0.87,5.84,1.61,24.35,0.97,0,0,0
1768498134.017,0.83,5.80,1.52,0.03,5.93,1.68,0.87,5.84,1.61,6.94,21.53,0,0,0
1768498134.517,0.83,5.81,1.52,0.03,5.93,1.68,0.87,5.84,1.61,5.36,34.01,0,0,0
1768498135.017,0.83,5.81,1.51,0.03,5.93,1.68,0.87,5.84,1.61,6.68,7.12,0,0,0
1768498135.517,0.83,5.81,1.51,0.03,5.93,1.68,0.87,5.84,1.61,7.91,47.02,0,0,0
1768498136.017,0.83,5.81,1.50,0.03,5.93,1.68,0.87,5.84,1.61,11.07,6.24,0,0,0
1768498136.517,0.83,5.83,1.39,0.03,5.93,1.68,0.87,5.84,1.61,0.35,15.21,0,0,0
1768498137.017,0.84,5.85,1.24,0.03,5.93,1.68,0.87,5.84,1.61,7.56,0.35,0,0,0
1768498137.517,0.86,5.89,0.90,0.03,5.93,1.68,0.87,5.84,1.61,21.71,17.58,0,0,0
1768498138.017,0.87,5.89,0.61,2.33,6.61,0.46,0.87,5.84,1.61,4.48,15.82,1,0,1
1768498138.518,0.89,5.90,0.24,2.98,6.30,0.19,1.51,6.02,0.19,21.71,16.26,1,0,1
1768498139.017,0.89,5.90,0.21,3.50,6.28,0.14,1.51,6.02,0.19,14.41,14.41,1,0,1
1768498139.517,0.88,5.89,0.12,3.79,6.32,0.15,1.51,6.02,0.19,7.91,33.57,1,0,1
1768498140.017,0.89,5.90,0.11,4.03,6.21,0.10,1.51,6.02,0.19,17.31,12.48,1,0,1
1768498140.517,0.89,5.90,0.11,4.49,6.35,0.13,1.51,6.02,0.19,24.87,6.59,1,0,1
1768498141.017,0.89,5.90,0.11,4.49,6.35,0.13,1.51,6.02,0.19,8.61,12.04,0,0,1
1768498141.517,0.88,5.90,0.12,4.77,6.41,0.13,1.51,6.02,0.19,7.38,7.65,1,0,1
1768498142.017,0.88,5.89,0.12,4.62,6.39,0.13,1.51,6.02,0.19,7.47,8.17,1,0,1
1768498142.517,0.88,5.90,0.12,4.72,6.38,0.13,1.51,6.02,0.19,6.94,7.56,1,0,1
1768498143.017,0.88,5.89,0.12,4.69,6.34,0.12,1.51,6.02,0.19,6.94,7.56,0,0,1
1768498143.517,0.88,5.89,0.12,4.71,6.37,0.12,1.51,6.02,0.19,7.03,7.56,0,0,1
1768498144.017,0.88,5.89,0.12,4.65,6.34,0.12,4.75,5.45,0.12,6.94,7.56,0,0,1
1768498144.517,0.88,5.89,0.12,4.65,6.34,0.12,4.75,5.45,0.12,6.94,7.56,0,0,1
1768498145.017,0.88,5.89,0.12,4.67,6.36,0.12,4.75,5.45,0.12,6.94,7.56,0,0,1
1768498145.517,0.88,5.89,0.12,4.73,6.34,0.12,4.75,5.45,0.12,6.94,7.56,0,0,1
1768498146.017,0.88,5.89,0.12,4.78,6.14,0.06,4.75,5.45,0.12,7.03,7.56,1,0,1
1768498146.517,0.89,5.89,0.00,4.79,6.21,0.08,4.75,5.45,0.12,7.03,7.56,0,0,1
1768498147.017,0.89,5.89,-0.03,4.66,6.41,0.14,4.75,5.45,0.12,7.03,7.56,1,0,1
1768498147.517,0.91,5.89,-0.08,4.67,6.36,0.12,4.75,5.45,0.12,6.94,7.56,0,0,1
1768498148.017,0.94,5.89,-0.09,4.77,6.15,0.07,4.75,5.45,0.12,7.03,7.56,1,0,1
1768498148.517,1.01,5.88,-0.10,4.74,6.22,0.09,4.75,5.45,0.12,6.94,7.56,0,0,1
1768498149.017,1.06,5.88,-0.11,4.70,6.22,0.09,4.75,5.45,0.12,7.03,7.56,0,0,1
1768498149.517,1.18,5.87,-0.11,4.66,6.21,0.10,4.75,5.45,0.12,7.03,7.56,0,0,1
1768498150.017,1.29,5.85,-0.11,4.69,6.22,0.11,4.75,5.45,0.12,7.03,7.56,0,0,1
1768498150.517,1.48,5.83,-0.12,4.78,6.14,0.09,4.75,5.45,0.12,7.03,7.56,0,0,1
1768498151.017,1.62,5.82,-0.12,4.74,6.12,0.09,4.75,5.45,0.12,6.94,7.56,0,0,1
1768498151.517,1.84,5.80,-0.12,4.62,6.35,0.20,4.75,5.45,0.12,7.03,7.56,1,0,1
1768498152.018,1.96,5.78,-0.12,4.66,6.23,0.16,4.75,5.45,0.12,6.94,7.56,1,0,1
1768498152.517,2.20,5.76,-0.12,4.63,6.35,0.24,4.75,5.45,0.12,7.03,7.56,1,0,1
1768498153.018,2.37,5.74,-0.12,4.61,6.24,0.22,4.75,5.45,0.12,7.03,7.56,1,0,1
1768498153.517,2.62,5.71,-0.12,4.72,6.25,0.25,4.75,5.45,0.12,7.03,7.56,1,0,1
1768498154.017,2.77,5.69,-0.12,4.74,6.17,0.24,4.75,5.45,0.12,7.03,7.56,0,0,1
1768498154.517,3.01,5.66,-0.12,4.74,6.17,0.24,4.75,5.45,0.12,7.03,7.56,0,0,0
1768498155.017,3.16,5.65,-0.12,4.74,6.17,0.24,4.75,5.45,0.12,6.94,7.56,0,0,0
1768498155.517,3.39,5.62,-0.12,4.74,6.17,0.24,4.75,5.45,0.12,7.03,7.56,0,0,0
1768498156.017,3.55,5.60,-0.12,4.74,6.17,0.24,4.75,5.45,0.12,6.94,7.38,0,0,0
1768498156.517,3.72,5.58,-0.12,4.74,6.17,0.24,4.75,5.45,0.12,7.03,7.47,0,0,0
1768498157.017,3.72,5.58,-0.12,4.74,6.17,0.24,4.75,5.45,0.12,6.94,7.47,0,0,0
1768498157.517,3.95,5.56,-0.12,4.74,6.17,0.24,4.75,5.45,0.12,7.03,7.47,0,0,0
1768498158.017,4.04,5.55,-0.12,4.74,6.17,0.24,4.75,5.45,0.12,7.03,7.38,0,0,0
1768498158.518,4.16,5.53,-0.12,4.74,6.17,0.24,4.75,5.45,0.12,7.03,7.38,0,0,0
1768498159.017,4.25,5.52,-0.12,4.74,6.17,0.24,4.75,5.45,0.12,6.94,7.38,0,0,0
1768498159.517,4.37,5.51,-0.12,4.74,6.17,0.24,4.75,5.45,0.12,7.03,7.38,0,0,0
1768498160.017,4.45,5.50,-0.12,4.74,6.17,0.24,4.75,5.45,0.12,7.03,7.38,0,0,0
1768498160.517,4.58,5.48,-0.12,4.74,6.17,0.24,4.75,5.45,0.12,7.03,7.47,0,0,0
1768498161.017,4.64,5.48,-0.12,4.74,6.17,0.24,4.75,5.45,0.12,7.03,7.38,0,0,0
1768498161.517,4.69,5.47,-0.12,4.74,6.17,0.24,4.75,5.45,0.12,7.03,7.38,0,0,0
1768498162.017,4.71,5.47,-0.12,4.74,6.17,0.24,4.75,5.45,0.12,6.94,7.38,0,0,0
1768498162.517,4.71,5.47,0.00,4.74,6.17,0.24,4.75,5.45,0.12,7.03,7.38,0,0,0
1768498163.017,4.71,5.47,0.03,4.74,6.17,0.24,4.75,5.45,0.12,6.94,7.38,0,0,0
1768498163.517,4.71,5.47,0.02,4.74,6.17,0.24,4.75,5.45,0.12,7.03,7.38,0,0,0
1768498164.017,4.71,5.47,0.02,4.74,6.17,0.24,4.75,5.45,0.12,10.02,12.66,0,0,0
1768498164.517,4.71,5.47,0.02,4.74,6.17,0.24,4.75,5.45,0.12,8.17,27.77,0,0,0
1768498165.017,4.71,5.47,0.01,4.74,6.17,0.24,4.75,5.45,0.12,17.40,3.52,0,0,0
1768498165.517,4.71,5.47,0.01,4.74,6.17,0.24,4.75,5.45,0.12,1.67,16.00,0,0,0
1768498166.017,4.71,5.47,0.01,4.74,6.17,0.24,4.75,5.45,0.12,4.75,31.64,0,0,0
1768498166.517,4.71,5.47,0.01,4.74,6.17,0.24,4.75,5.45,0.12,0.26,8.26,0,0,0
1768498167.017,4.71,5.47,0.01,4.74,6.17,0.24,4.75,5.45,0.12,8.26,13.36,0,0,0
1768498167.517,4.69,5.47,-0.19,4.74,6.17,0.24,4.75,5.45,0.12,20.74,2.99,0,0,0
1768498168.017,4.68,5.48,-0.51,5.29,4.76,-0.87,4.75,5.45,0.12,2.72,21.09,1,0,1
1768498168.517,4.70,5.46,-1.21,5.29,4.76,-0.87,4.75,5.45,0.12,18.19,10.37,1,0,0
1768498169.018,4.71,5.45,-1.34,5.10,3.93,-1.32,4.75,5.45,0.12,8.17,12.30,1,0,1
1768498169.517,4.72,5.44,-1.43,5.09,3.71,-1.36,4.21,3.52,-1.36,12.66,45.26,1,0,1
1768498170.017,4.71,5.46,-1.51,5.07,3.44,-1.39,4.21,3.52,-1.36,0.79,8.96,1,0,1
1768498170.517,4.71,5.45,-1.49,5.06,3.11,-1.42,4.21,3.52,-1.36,4.75,16.79,1,0,1
1768498171.017,4.71,5.45,-1.49,4.94,2.85,-1.48,4.21,3.52,-1.36,3.78,2.64,1,0,1
1768498171.517,4.71,5.45,-1.49,5.10,2.58,-1.44,4.21,3.52,-1.36,24.87,27.42,1,0,1
1768498172.017,4.71,5.45,-1.49,5.10,2.56,-1.44,4.21,3.52,-1.36,51.68,49.92,0,0,1
1768498172.517,4.71,5.45,-1.49,5.12,2.37,-1.44,4.21,3.52,-1.36,71.02,71.98,1,1,1
1768498173.017,4.71,5.45,-1.49,4.91,2.43,-1.50,4.21,3.52,-1.36,71.98,72.25,1,1,1
1768498173.517,4.71,5.45,-1.49,5.10,2.44,-1.44,4.21,3.52,-1.36,72.33,72.25,1,1,1
1768498174.017,4.71,5.45,-1.49,4.83,2.28,-1.53,4.21,3.52,-1.36,72.42,72.51,1,1,1
1768498174.517,4.71,5.45,-1.49,5.11,2.45,-1.44,4.21,3.52,-1.36,72.42,72.51,1,1,1
1768498175.017,4.71,5.45,-1.49,5.11,2.46,-1.44,4.22,2.34,-0.65,72.42,72.51,0,1,1
1768498175.517,4.71,5.45,-1.49,4.85,2.28,-1.53,4.22,2.34,-0.65,72.33,72.60,1,1,1
1768498176.017,4.71,5.45,-1.49,4.83,2.27,-1.53,4.22,2.34,-0.65,72.42,72.60,0,1,1
1768498176.517,4.71,5.45,-1.49,4.83,2.27,-1.53,4.22,2.34,-0.65,72.42,72.60,0,1,0
1768498177.017,4.70,5.46,-1.62,5.20,2.40,-1.41,4.22,2.34,-0.65,72.42,72.60,1,1,1
1768498177.517,4.70,5.45,-1.66,4.88,2.28,-1.51,4.22,2.34,-0.65,72.42,72.60,1,1,1
1768498178.017,4.70,5.43,-1.68,4.95,2.45,-1.49,4.22,2.34,-0.65,72.51,72.60,1,1,1
1768498178.517,4.70,5.38,-1.71,4.92,2.34,-1.50,4.22,2.34,-0.65,72.42,72.60,1,1,1
1768498179.017,4.69,5.33,-1.71,5.16,2.35,-1.42,4.22,2.34,-0.65,72.42,72.69,1,1,1
1768498179.517,4.68,5.23,-1.72,4.94,2.45,-1.48,4.22,2.34,-0.65,72.42,72.60,1,1,1
1768498180.017,4.66,5.14,-1.73,4.93,2.46,-1.47,4.22,2.34,-0.65,72.51,72.60,0,1,1
1768498180.517,4.64,4.99,-1.73,4.88,2.29,-1.48,4.22,2.34,-0.65,72.42,72.69,1,1,1
1768498181.017,4.62,4.87,-1.73,5.11,2.43,-1.37,4.22,2.34,-0.65,72.42,72.60,1,1,1
1768498181.517,4.60,4.66,-1.73,4.85,2.29,-1.46,4.22,2.34,-0.65,72.51,72.60,1,1,1
1768498182.017,4.58,4.52,-1.73,4.93,2.49,-1.40,4.22,2.34,-0.65,72.51,72.60,1,1,1
1768498182.517,4.54,4.29,-1.74,4.93,2.49,-1.40,4.22,2.34,-0.65,72.51,72.60,1,1,0
1768498183.017,4.52,4.11,-1.73,4.93,2.49,-1.40,4.22,2.34,-0.65,72.51,72.60,1,1,0
1768498183.517,4.49,3.90,-1.73,4.93,2.49,-1.40,4.22,2.34,-0.65,72.51,72.60,1,1,0
1768498184.017,4.47,3.75,-1.75,4.93,2.49,-1.40,4.22,2.34,-0.65,72.51,72.60,1,1,0
1768498184.517,4.43,3.52,-1.75,4.93,2.49,-1.40,4.22,2.34,-0.65,72.51,72.60,1,1,0
1768498185.017,4.41,3.41,-1.74,4.93,2.49,-1.40,4.22,2.34,-0.65,72.51,72.60,1,1,0
1768498185.517,4.39,3.24,-1.75,4.93,2.49,-1.40,4.22,2.34,-0.65,72.51,72.60,1,1,0
1768498186.017,4.37,3.14,-1.74,4.93,2.49,-1.40,4.22,2.34,-0.65,72.42,72.60,1,1,0
1768498186.517,4.35,3.02,-1.75,4.93,2.49,-1.40,4.22,2.34,-0.65,72.60,72.60,1,1,0
1768498187.017,4.34,2.94,-1.74,4.93,2.49,-1.40,4.22,2.34,-0.65,72.60,72.60,1,1,0
1768498187.517,4.32,2.82,-1.74,4.93,2.49,-1.40,4.22,2.34,-0.65,72.60,72.60,1,1,0
1768498188.017,4.31,2.74,-1.75,4.93,2.49,-1.40,4.22,2.34,-0.65,72.51,72.60,1,1,0
1768498188.517,4.28,2.61,-1.74,4.93,2.49,-1.40,4.22,2.34,-0.65,72.51,72.69,1,1,0
1768498189.017,4.27,2.52,-1.74,4.93,2.49,-1.40,4.22,2.34,-0.65,72.60,72.60,1,1,0
1768498189.517,4.25,2.44,-1.74,4.93,2.49,-1.40,4.22,2.34,-0.65,72.51,72.69,1,1,0
1768498190.017,4.25,2.40,-1.74,4.93,2.49,-1.40,4.22,2.34,-0.65,72.51,72.60,1,1,0
1768498190.517,4.24,2.37,-1.74,4.93,2.49,-1.40,4.22,2.34,-0.65,72.51,72.60,1,1,0
1768498191.017,4.26,2.39,-1.54,4.93,2.49,-1.40,4.22,2.34,-0.65,72.51,72.60,1,1,0
1768498191.517,4.26,2.37,-1.18,4.93,2.49,-1.40,4.22,2.34,-0.65,72.60,72.51,1,1,0
1768498192.017,4.27,2.37,-0.98,4.93,2.49,-1.40,4.22,2.34,-0.65,72.33,72.69,1,1,0
1768498192.517,4.27,2.38,-0.83,4.93,2.49,-1.40,4.22,2.34,-0.65,71.98,72.69,1,1,0
1768498193.017,4.27,2.38,-0.78,4.93,2.49,-1.40,4.22,2.34,-0.65,44.91,63.98,1,1,0
1768498193.517,4.27,2.38,-0.74,4.93,2.49,-1.40,4.22,2.34,-0.65,8.17,0.44,1,0,0
1768498194.017,4.27,2.38,-0.74,4.93,2.49,-1.40,4.22,2.34,-0.65,0.79,11.78,1,0,0
1768498194.517,4.27,2.38,-0.74,4.93,2.49,-1.40,4.22,2.34,-0.65,6.50,41.13,1,0,0
1768498195.017,4.27,2.38,-0.74,4.93,2.49,-1.40,4.22,2.34,-0.65,14.06,0.44,1,0,0
1768498195.517,4.27,2.38,-0.74,4.93,2.49,-1.40,4.22,2.34,-0.65,2.02,45.44,1,0,0
1768498196.017,4.27,2.38,-0.73,4.93,2.49,-1.40,4.22,2.34,-0.65,3.52,0.09,1,0,0
1768498196.517,4.28,2.38,-0.81,4.93,2.49,-1.40,4.22,2.34,-0.65,0.26,9.93,1,0,0
1768498197.017,4.28,2.36,-1.09,4.93,2.49,-1.40,4.22,2.34,-0.65,5.27,22.24,1,0,0
1768498197.517,4.27,2.33,-1.69,4.93,2.49,-1.40,4.22,2.34,-0.65,13.01,9.84,1,0,0
1768498198.017,4.26,2.30,-2.11,4.93,2.49,-1.40,4.22,2.34,-0.65,1.32,17.67,1,0,0
1768498198.517,4.24,2.27,-2.59,2.68,1.86,-2.88,4.13,2.24,-2.88,9.84,9.40,1,0,1
1768498199.017,4.21,2.27,-2.86,2.68,1.86,-2.88,4.13,2.24,-2.88,13.45,12.66,1,0,0
1768498199.517,4.20,2.26,-2.95,1.77,2.11,-3.08,4.13,2.24,-2.88,3.16,49.92,1,0,1
1768498200.017,4.20,2.27,-3.00,1.69,2.09,-3.07,4.13,2.24,-2.88,18.54,14.59,0,0,1
1768498200.517,4.19,2.26,-3.03,1.27,2.11,-3.09,4.13,2.24,-2.88,0.35,14.50,1,0,1
1768498201.017,4.20,2.27,-3.03,0.88,2.13,-3.10,4.13,2.24,-2.88,8.96,0.44,1,0,1
1768498201.517,4.19,2.27,-3.03,0.50,2.10,-3.10,4.13,2.24,-2.88,2.81,1.76,1,0,1
1768498202.017,4.19,2.27,-3.03,0.37,1.98,-3.07,4.13,2.24,-2.88,12.83,14.85,1,0,1
1768498202.518,4.19,2.27,-3.03,0.15,1.93,-3.06,4.13,2.24,-2.88,62.93,67.24,1,0,1
1768498203.017,4.19,2.27,-3.03,0.21,2.12,-3.10,4.13,2.24,-2.88,71.81,72.07,1,1,1
1768498203.517,4.19,2.27,-3.03,0.05,1.87,-3.05,4.13,2.24,-2.88,72.07,72.25,1,1,1
1768498204.017,4.19,2.27,-3.03,0.16,2.12,-3.10,4.13,2.24,-2.88,72.42,72.42,1,1,1
1768498204.517,4.19,2.27,-3.03,0.14,2.12,-3.10,0.11,3.02,-2.32,72.33,72.42,0,1,1
1768498205.017,4.19,2.27,-3.03,0.04,1.86,-3.04,0.11,3.02,-2.32,72.42,72.42,1,1,1
1768498205.517,4.19,2.27,-3.03,0.05,1.90,-3.05,0.11,3.02,-2.32,72.42,72.51,0,1,1
1768498206.017,4.19,2.27,-3.03,0.06,1.89,-3.05,0.11,3.02,-2.32,72.51,72.42,0,1,1
1768498206.517,4.19,2.28,3.10,0.07,1.92,-3.05,0.11,3.02,-2.32,72.69,72.42,0,1,1
1768498207.017,4.18,2.27,3.07,0.23,2.08,-3.09,0.11,3.02,-2.32,72.51,72.42,1,1,1
1768498207.517,4.17,2.28,3.02,0.10,2.15,-3.11,0.11,3.02,-2.32,72.51,72.51,1,1,1
1768498208.017,4.14,2.28,2.99,0.03,2.21,-3.13,0.11,3.02,-2.32,72.51,72.51,0,1,1
1768498208.517,4.08,2.29,2.98,0.05,2.12,-3.10,0.11,3.02,-2.32,72.42,72.51,0,1,1
1768498209.017,4.02,2.30,2.97,0.09,2.11,-3.09,0.11,3.02,-2.32,72.42,72.42,0,1,1
1768498209.517,3.90,2.32,2.96,0.02,2.20,-3.11,0.11,3.02,-2.32,72.42,72.42,0,1,1
1768498210.017,3.80,2.34,2.96,0.24,2.12,-3.08,0.11,3.02,-2.32,72.60,72.51,1,1,1
1768498210.517,3.80,2.34,2.96,0.05,2.17,-3.10,0.11,3.02,-2.32,72.51,72.51,1,1,1
1768498211.017,3.80,2.34,2.96,0.05,2.17,-3.10,0.11,3.02,-2.32,72.51,72.51,0,1,1
1768498211.517,3.28,2.42,2.95,0.01,2.16,-3.06,0.11,3.02,-2.32,72.42,72.51,0,1,1
1768498212.017,3.15,2.45,2.95,0.05,2.17,-3.05,0.11,3.02,-2.32,72.42,72.51,0,1,1
1768498212.517,2.92,2.49,2.96,0.02,2.21,-3.05,0.11,3.02,-2.32,72.42,72.51,0,1,1
1768498213.017,2.74,2.52,2.95,0.08,2.16,-3.00,0.11,3.02,-2.32,72.51,72.51,0,1,1
1768498213.517,2.50,2.57,2.94,0.08,2.16,-3.00,0.11,3.02,-2.32,72.51,72.51,0,1,0
1768498214.017,2.38,2.59,2.95,0.08,2.16,-3.00,0.11,3.02,-2.32,72.51,72.51,0,1,0
1768498214.517,2.13,2.63,2.96,0.08,2.16,-3.00,0.11,3.02,-2.32,72.51,72.51,0,1,0
1768498215.017,1.98,2.66,2.95,0.08,2.16,-3.00,0.11,3.02,-2.32,72.51,72.42,0,1,0
1768498215.517,1.75,2.70,2.94,0.08,2.16,-3.00,0.11,3.02,-2.32,72.60,72.42,0,1,0
1768498216.017,1.57,2.73,2.96,0.08,2.16,-3.00,0.11,3.02,-2.32,72.60,72.51,0,1,0
1768498216.517,1.33,2.78,2.97,0.08,2.16,-3.00,0.11,3.02,-2.32,72.51,72.51,0,1,0
1768498217.017,1.22,2.80,2.94,0.08,2.16,-3.00,0.11,3.02,-2.32,72.51,72.51,0,1,0
1768498217.517,1.06,2.83,2.95,0.08,2.16,-3.00,0.11,3.02,-2.32,72.69,72.51,0,1,0
1768498218.017,0.96,2.85,2.95,0.08,2.16,-3.00,0.11,3.02,-2.32,72.60,72.51,0,1,0
1768498218.517,0.83,2.87,2.95,0.08,2.16,-3.00,0.11,3.02,-2.32,72.51,72.51,0,1,0
1768498219.017,0.73,2.89,2.94,0.08,2.16,-3.00,0.11,3.02,-2.32,72.51,72.51,0,1,0
1768498219.517,0.61,2.91,2.95,0.08,2.16,-3.00,0.11,3.02,-2.32,72.51,72.60,0,1,0
1768498220.017,0.53,2.92,2.95,0.08,2.16,-3.00,0.11,3.02,-2.32,72.42,72.60,0,1,0
1768498220.517,0.42,2.95,2.94,0.08,2.16,-3.00,0.11,3.02,-2.32,72.60,72.51,0,1,0
1768498221.017,0.35,2.96,2.95,0.08,2.16,-3.00,0.11,3.02,-2.32,72.69,72.51,0,1,0
1768498221.517,0.22,2.98,2.94,0.08,2.16,-3.00,0.11,3.02,-2.32,72.60,72.51,0,1,0
1768498222.017,0.19,2.99,2.94,0.08,2.16,-3.00,0.11,3.02,-2.32,72.60,72.51,0,1,0
1768498222.517,0.15,3.00,2.94,0.08,2.16,-3.00,0.11,3.02,-2.32,72.69,72.51,0,1,0
1768498223.017,0.14,3.00,3.00,0.08,2.16,-3.00,0.11,3.02,-2.32,72.69,72.51,0,1,0
1768498223.517,0.14,2.99,-2.89,0.08,2.16,-3.00,0.11,3.02,-2.32,72.60,72.51,0,1,0
1768498224.017,0.15,2.99,-2.68,0.08,2.16,-3.00,0.11,3.02,-2.32,72.60,72.60,0,1,0
1768498224.517,0.15,2.99,-2.68,0.08,2.16,-3.00,0.11,3.02,-2.32,72.51,72.60,0,1,0
1768498225.017,0.14,2.99,-2.40,0.08,2.16,-3.00,0.11,3.02,-2.32,72.42,72.60,0,1,0
1768498225.517,0.14,3.00,-2.40,0.08,2.16,-3.00,0.11,3.02,-2.32,64.42,70.93,0,1,0
1768498226.017,0.14,2.99,-2.41,0.08,2.16,-3.00,0.11,3.02,-2.32,22.24,33.31,0,1,0
1768498226.517,0.14,3.00,-2.41,0.08,2.16,-3.00,0.11,3.02,-2.32,0.53,18.72,0,0,0
1768498227.017,0.14,2.99,-2.41,0.08,2.16,-3.00,0.11,3.02,-2.32,3.08,0.26,0,0,0
1768498227.518,0.14,3.00,-2.42,-3.40,1.67,-2.78,-1.99,2.19,-2.78,19.69,1.14,1,0,1
1768498228.017,0.14,2.99,-2.53,-3.40,1.67,-2.78,-1.99,2.19,-2.78,8.00,31.64,1,0,0
1768498228.517,0.12,2.98,-2.80,-3.40,1.67,-2.78,-1.99,2.19,-2.78,16.88,11.78,1,0,0
1768498229.017,0.11,2.98,-2.86,-3.40,1.67,-2.78,-1.99,2.19,-2.78,0.26,13.71,1,0,0
1768498229.517,0.09,2.98,-2.96,-3.40,1.67,-2.78,-1.99,2.19,-2.78,4.83,4.83,1,0,0
1768498230.017,0.05,2.98,3.14,-3.40,1.67,-2.78,-1.99,2.19,-2.78,1.76,13.89,1,0,0
1768498230.519,-0.02,2.99,2.73,-3.40,1.67,-2.78,-1.99,2.19,-2.78,5.10,45.18,1,0,0
1768498231.017,-0.05,3.01,2.51,-3.40,1.67,-2.78,-1.99,2.19,-2.78,16.79,12.04,1,0,0
1768498231.517,-0.07,3.02,2.31,-3.40,1.67,-2.78,-1.99,2.19,-2.78,5.98,28.74,1,0,0
1768498232.017,-0.09,3.04,2.16,-1.38,7.21,1.87,-1.99,2.19,-2.78,2.20,15.21,1,0,1
1768498232.517,-0.11,3.08,1.85,-0.27,5.84,1.63,-1.99,2.19,-2.78,15.38,10.37,1,0,1
1768498233.017,-0.12,3.10,1.70,-0.22,5.76,1.61,-1.99,2.19,-2.78,58.54,54.14,0,0,1
1768498233.517,-0.12,3.10,1.72,-0.20,5.83,1.60,-1.99,2.19,-2.78,67.85,72.16,0,0,1
1768498234.017,-0.12,3.09,1.73,-0.00,5.86,1.53,-1.99,2.19,-2.78,71.63,72.77,1,1,1
1768498234.518,-0.11,3.09,1.73,0.02,5.95,1.52,-1.99,2.19,-2.78,72.07,72.95,0,1,1
1768498235.018,-0.12,3.09,1.73,-0.19,5.82,1.60,-1.99,2.19,-2.78,72.25,73.12,1,1,1
1768498235.517,-0.11,3.09,1.73,-0.00,5.89,1.53,-1.99,2.19,-2.78,72.51,73.12,1,1,1
1768498236.018,-0.12,3.09,1.73,-0.02,5.84,1.54,-1.99,2.19,-2.78,72.42,73.12,0,1,1
1768498236.517,-0.11,3.09,1.73,-0.20,5.83,1.60,-1.99,2.19,-2.78,72.51,73.04,1,1,1
1768498237.017,-0.12,3.09,1.73,-0.01,5.85,1.53,0.89,5.82,2.32,72.69,73.04,1,1,1
1768498237.518,-0.11,3.09,1.73,-0.01,5.85,1.53,0.89,5.82,2.32,72.69,73.04,0,1,1
1768498238.017,-0.11,3.09,1.73,-0.21,5.87,1.60,0.89,5.82,2.32,72.60,73.04,1,1,1
1768498238.517,-0.11,3.09,1.73,-1.02,7.33,1.78,0.89,5.82,2.32,72.60,73.04,1,1,1
1768498239.017,-0.11,3.09,1.73,-1.55,7.11,1.91,0.89,5.82,2.32,72.60,73.12,1,1,1
1768498239.517,-0.10,3.08,1.38,-0.07,5.84,1.56,0.89,5.82,2.32,72.51,73.12,1,1,1
1768498240.017,-0.11,3.09,1.33,-0.19,5.89,1.60,0.89,5.82,2.32,72.51,73.12,1,1,1
1768498240.517,-0.10,3.10,1.28,-0.23,6.01,1.62,0.89,5.82,2.32,72.60,73.04,1,1,1
1768498241.017,-0.09,3.13,1.25,-0.04,5.83,1.55,0.89,5.82,2.32,72.60,73.12,1,1,1
1768498241.517,-0.07,3.19,1.24,0.07,6.01,1.52,0.89,5.82,2.32,72.69,73.04,1,1,1
1768498242.017,-0.05,3.24,1.23,-0.02,5.83,1.56,0.89,5.82,2.32,72.69,73.04,1,1,1
1768498242.517,-0.01,3.36,1.23,-0.00,5.88,1.57,0.89,5.82,2.32,72.69,73.04,0,1,1
1768498243.017,0.02,3.45,1.23,0.07,6.01,1.55,0.89,5.82,2.32,72.69,73.04,1,1,1
1768498243.517,0.08,3.62,1.23,0.07,6.01,1.55,0.89,5.82,2.32,72.60,73.12,1,1,0
1768498244.017,0.12,3.74,1.22,0.07,6.01,1.55,0.89,5.82,2.32,72.60,73.12,1,1,0
1768498244.517,0.19,3.95,1.22,0.07,6.01,1.55,0.89,5.82,2.32,72.51,73.04,1,1,0
1768498245.017,0.24,4.09,1.21,0.07,6.01,1.55,0.89,5.82,2.32,72.51,73.12,1,1,0
1768498245.517,0.32,4.31,1.21,0.07,6.01,1.55,0.89,5.82,2.32,72.60,73.12,1,1,0
1768498246.017,0.37,4.45,1.21,0.07,6.01,1.55,0.89,5.82,2.32,72.60,73.12,1,1,0
1768498246.517,0.45,4.68,1.21,0.07,6.01,1.55,0.89,5.82,2.32,72.69,73.12,1,1,0
1768498247.017,0.49,4.79,1.21,0.07,6.01,1.55,0.89,5.82,2.32,72.51,73.12,1,1,0
1768498247.517,0.55,4.95,1.20,0.07,6.01,1.55,0.89,5.82,2.32,72.51,73.12,1,1,0
1768498248.017,0.55,4.95,1.20,0.07,6.01,1.55,0.89,5.82,2.32,72.51,73.12,1,1,0
1768498248.517,0.55,4.95,1.20,0.07,6.01,1.55,0.89,5.82,2.32,72.51,73.12,1,1,0
1768498249.017,0.55,4.95,1.20,0.07,6.01,1.55,0.89,5.82,2.32,72.51,73.12,1,1,0
1768498249.517,0.55,4.95,1.20,0.07,6.01,1.55,0.89,5.82,2.32,72.51,73.12,1,1,0
1768498250.017,0.55,4.95,1.20,0.07,6.01,1.55,0.89,5.82,2.32,72.51,73.12,1,1,0
1768498250.517,0.55,4.95,1.20,0.07,6.01,1.55,0.89,5.82,2.32,72.51,73.12,1,1,0
1768498251.018,0.55,4.95,1.20,0.07,6.01,1.55,0.89,5.82,2.32,72.51,73.12,1,1,0
1768498251.517,0.55,4.95,1.20,0.07,6.01,1.55,0.89,5.82,2.32,72.51,73.12,1,1,0
1768498252.017,0.55,4.95,1.20,0.07,6.01,1.55,0.89,5.82,2.32,72.51,73.12,1,1,0
1768498252.517,0.55,4.95,1.20,0.07,6.01,1.55,0.89,5.82,2.32,72.51,73.12,1,1,0
1768498253.017,0.55,4.95,1.20,0.07,6.01,1.55,0.89,5.82,2.32,72.51,73.12,1,1,0
1768498253.517,0.55,4.95,1.20,0.07,6.01,1.55,0.89,5.82,2.32,72.51,73.12,1,1,0
1768498254.017,0.55,4.95,1.20,0.07,6.01,1.55,0.89,5.82,2.32,72.51,73.12,1,1,0
1768498254.517,0.55,4.95,1.20,0.07,6.01,1.55,0.89,5.82,2.32,72.51,73.12,1,1,0
1768498255.018,0.55,4.95,1.20,0.07,6.01,1.55,0.89,5.82,2.32,72.51,73.12,1,1,0
1768498255.517,0.55,4.95,1.20,0.07,6.01,1.55,0.89,5.82,2.32,72.51,73.12,1,1,0
1768498256.017,0.55,4.95,1.20,0.56,9.66,-1.57,-0.34,9.66,-0.79,72.51,73.12,1,1,1
1768498256.517,0.55,4.95,1.20,0.56,9.66,-1.57,-0.34,9.66,-0.79,72.51,73.12,1,1,0
1768498257.017,0.55,4.95,1.20,0.56,9.66,-1.57,-0.34,9.66,-0.79,72.51,73.12,1,1,0
1768498257.517,0.55,4.95,1.20,0.56,9.66,-1.57,-0.34,9.66,-0.79,72.51,73.12,1,1,0
1768498258.017,0.55,4.95,1.20,0.56,9.66,-1.57,-0.34,9.66,-0.79,72.51,73.12,1,1,0
1768498258.517,0.55,4.95,1.20,0.56,9.66,-1.57,-0.34,9.66,-0.79,72.51,73.12,1,1,0
1768498259.017,0.55,4.95,1.20,0.56,9.66,-1.57,-0.34,9.66,-0.79,72.51,73.12,1,1,0
1768498259.517,0.55,4.95,1.20,0.56,9.66,-1.57,-0.34,9.66,-0.79,72.51,73.12,1,1,0
1768498260.017,0.55,4.95,1.20,0.56,9.66,-1.57,-0.34,9.66,-0.79,72.51,73.12,1,1,0
1768498260.517,0.55,4.95,1.20,0.56,9.66,-1.57,-0.34,9.66,-0.79,72.51,73.12,1,1,0
1768498261.017,0.55,4.95,1.20,0.56,9.66,-1.57,-0.34,9.66,-0.79,72.51,73.12,1,1,0
1768498261.517,0.55,4.95,1.20,0.56,9.66,-1.57,-0.34,9.66,-0.79,72.51,73.12,1,1,0
1768498262.017,0.55,4.95,1.20,0.56,9.66,-1.57,-0.34,9.66,-0.79,72.51,73.12,1,1,0
1768498262.517,0.55,4.95,1.20,0.56,9.66,-1.57,-0.34,9.66,-0.79,72.51,73.12,1,1,0
1768498263.018,0.55,4.95,1.20,0.56,9.66,-1.57,-0.34,9.66,-0.79,72.51,73.12,1,1,0
1768498263.517,0.55,4.95,1.20,0.56,9.66,-1.57,-0.34,9.66,-0.79,72.51,73.12,1,1,0
1768498264.017,0.55,4.95,1.20,0.56,9.66,-1.57,-0.34,9.66,-0.79,72.51,73.12,1,1,0
1768498264.517,0.55,4.95,1.20,0.56,9.66,-1.57,-0.34,9.66,-0.79,72.51,73.12,1,1,0
1768498265.017,0.55,4.95,1.20,0.56,9.66,-1.57,-0.34,9.66,-0.79,72.51,73.12,1,1,0
1768498265.517,0.55,4.95,1.20,0.56,9.66,-1.57,-0.34,9.66,-0.79,72.51,73.12,1,1,0
1768498266.017,0.55,4.95,1.20,0.56,9.66,-1.57,-0.34,9.66,-0.79,72.51,73.12,1,1,0
1768498266.517,0.55,4.95,1.20,0.56,9.66,-1.57,-0.34,9.66,-0.79,72.51,73.12,1,1,0
1768498267.017,0.55,4.95,1.20,0.56,9.66,-1.57,-0.34,9.66,-0.79,72.51,73.12,1,1,0
1768498267.517,0.55,4.95,1.20,0.56,9.66,-1.57,-0.34,9.66,-0.79,72.51,73.12,1,1,0
1768498268.017,0.55,4.95,1.20,0.56,9.66,-1.57,-0.34,9.66,-0.79,72.51,73.12,1,1,0
1768498268.517,0.55,4.95,1.20,0.56,9.66,-1.57,-0.34,9.66,-0.79,72.51,73.12,1,1,0
1768498269.017,0.55,4.95,1.20,0.56,9.66,-1.57,-0.34,9.66,-0.79,72.51,73.12,1,1,0
1768498269.517,0.55,4.95,1.20,0.56,9.66,-1.57,-0.34,9.66,-0.79,72.51,73.12,1,1,0
1768498270.017,0.55,4.95,1.20,0.56,9.66,-1.57,-0.34,9.66,-0.79,72.51,73.12,1,1,0
1768498270.518,0.55,4.95,1.20,0.56,9.66,-1.57,-0.34,9.66,-0.79,72.51,73.12,1,1,0
1768498271.018,0.55,4.95,1.20,0.56,9.66,-1.57,-0.34,9.66,-0.79,72.51,73.12,1,1,0
1768498271.517,0.55,4.95,1.20,0.56,9.66,-1.57,-0.34,9.66,-0.79,72.51,73.12,1,1,0
1768498272.017,0.55,4.95,1.20,0.56,9.66,-1.57,-0.34,9.66,-0.79,72.51,73.12,1,1,0
1768498272.517,0.55,4.95,1.20,0.56,9.66,-1.57,-0.34,9.66,-0.79,72.51,73.12,1,1,0
1768498273.017,0.55,4.95,1.20,0.56,9.66,-1.57,-0.34,9.66,-0.79,72.51,73.12,1,1,0
1768498273.517,0.55,4.95,1.20,0.56,9.66,-1.57,-0.34,9.66,-0.79,72.51,73.12,1,1,0
1768498274.017,0.55,4.95,1.20,0.56,9.66,-1.57,-0.34,9.66,-0.79,72.51,73.12,1,1,0
1768498274.517,0.55,4.95,1.20,0.56,9.66,-1.57,-0.34,9.66,-0.79,72.51,73.12,1,1,0
1768498275.017,0.55,4.95,1.20,0.56,9.66,-1.57,-0.34,9.66,-0.79,72.51,73.12,1,1,0
1768498275.517,0.55,4.95,1.20,0.56,9.66,-1.57,-0.34,9.66,-0.79,72.51,73.12,1,1,0
1768498276.017,0.55,4.95,1.20,0.56,9.66,-1.57,-0.34,9.66,-0.79,72.51,73.12,1,1,0
1768498276.517,0.55,4.95,1.20,0.56,9.66,-1.57,-0.34,9.66,-0.79,72.51,73.12,1,1,0
1768498277.017,0.55,4.95,1.20,0.56,9.66,-1.57,-0.34,9.66,-0.79,72.51,73.12,1,1,0
1768498277.517,0.55,4.95,1.20,0.56,9.66,-1.57,-0.34,9.66,-0.79,72.51,73.12,1,1,0
1768498278.017,0.55,4.95,1.20,0.56,9.66,-1.57,-0.34,9.66,-0.79,72.51,73.12,1,1,0
1768498278.517,0.55,4.95,1.20,0.56,9.66,-1.57,-0.34,9.66,-0.79,72.51,73.12,1,1,0
1768498279.017,0.55,4.95,1.20,0.56,9.66,-1.57,-0.34,9.66,-0.79,72.51,73.12,1,1,0
1768498279.517,0.55,4.95,1.20,0.56,9.66,-1.57,-0.34,9.66,-0.79,72.51,73.12,1,1,0
1768498280.017,0.55,4.95,1.20,0.56,9.66,-1.57,-0.34,9.66,-0.79,72.51,73.12,1,1,0
1768498280.517,0.55,4.95,1.20,0.56,9.66,-1.57,-0.34,9.66,-0.79,72.51,73.12,1,1,0
1768498281.017,0.55,4.95,1.20,0.56,9.66,-1.57,-0.34,9.66,-0.79,72.51,73.12,1,1,0
1768498281.517,0.55,4.95,1.20,0.56,9.66,-1.57,-0.34,9.66,-0.79,72.51,73.12,1,1,0
1768498282.017,0.55,4.95,1.20,0.56,9.66,-1.57,-0.34,9.66,-0.79,72.51,73.12,1,1,0
1768498282.517,0.55,4.95,1.20,0.56,9.66,-1.57,-0.34,9.66,-0.79,72.51,73.12,1,1,0
1768498283.017,0.55,4.95,1.20,0.56,9.66,-1.57,-0.34,9.66,-0.79,72.51,73.12,1,1,0
1768498283.517,0.55,4.95,1.20,0.56,9.66,-1.57,-0.34,9.66,-0.79,72.51,73.12,1,1,0
1768498284.017,0.55,4.95,1.20,0.56,9.66,-1.57,-0.34,9.66,-0.79,72.51,73.12,1,1,0
1768498284.517,0.55,4.95,1.20,0.56,9.66,-1.57,-0.34,9.66,-0.79,72.51,73.12,1,1,0
1768498285.017,0.55,4.95,1.20,0.56,9.66,-1.57,-0.34,9.66,-0.79,72.51,73.12,1,1,0
1768498285.517,0.55,4.95,1.20,0.56,9.66,-1.57,-0.34,9.66,-0.79,72.51,73.12,1,1,0
1768498286.017,0.55,4.95,1.20,0.56,9.66,-1.57,-0.34,9.66,-0.79,72.51,73.12,1,1,0
1768498286.517,0.55,4.95,1.20,0.56,9.66,-1.57,-0.34,9.66,-0.79,72.51,73.12,1,1,0
1768498287.017,0.55,4.95,1.20,0.56,9.66,-1.57,-0.34,9.66,-0.79,72.51,73.12,1,1,0
1768498287.517,0.55,4.95,1.20,0.56,9.66,-1.57,-0.34,9.66,-0.79,72.51,73.12,1,1,0
1768498288.017,0.55,4.95,1.20,0.56,9.66,-1.57,-0.34,9.66,-0.79,72.51,73.12,1,1,0
1768498288.517,0.55,4.95,1.20,0.56,9.66,-1.57,-0.34,9.66,-0.79,72.51,73.12,1,1,0
1768498289.017,0.55,4.95,1.20,0.56,9.66,-1.57,-0.34,9.66,-0.79,72.51,73.12,1,1,0
1768498289.517,0.55,4.95,1.20,0.56,9.66,-1.57,-0.34,9.66,-0.79,72.51,73.12,1,1,0
1768498290.017,0.55,4.95,1.20,0.56,9.66,-1.57,-0.34,9.66,-0.79,72.51,73.12,1,1,0
1768498290.517,0.55,4.95,1.20,0.56,9.66,-1.57,-0.34,9.66,-0.79,72.51,73.12,1,1,0
1768498291.017,0.55,4.95,1.20,0.56,9.66,-1.57,-0.34,9.66,-0.79,72.51,73.12,1,1,0
1768498291.517,0.55,4.95,1.20,0.56,9.66,-1.57,-0.34,9.66,-0.79,72.51,73.12,1,1,0
1768498292.017,0.55,4.95,1.20,0.56,9.66,-1.57,-0.34,9.66,-0.79,72.51,73.12,1,1,0
1768498292.517,0.55,4.95,1.20,0.56,9.66,-1.57,-0.34,9.66,-0.79,72.51,73.12,1,1,0
1768498293.017,0.55,4.95,1.20,0.56,9.66,-1.57,-0.34,9.66,-0.79,72.51,73.12,1,1,0
1768498293.517,0.55,4.95,1.20,0.56,9.66,-1.57,-0.34,9.66,-0.79,72.51,73.12,1,1,0
1768498294.017,0.55,4.95,1.20,0.56,9.66,-1.57,-0.34,9.66,-0.79,72.51,73.12,1,1,0
1768498294.517,0.55,4.95,1.20,0.56,9.66,-1.57,-0.34,9.66,-0.79,72.51,73.12,1,1,0
1768498295.017,0.55,4.95,1.20,0.56,9.66,-1.57,-0.34,9.66,-0.79,72.51,73.12,1,1,0
1768498295.517,0.55,4.95,1.20,0.56,9.66,-1.57,-0.34,9.66,-0.79,72.51,73.12,1,1,0
1768498296.017,0.55,4.95,1.20,0.56,9.66,-1.57,-0.34,9.66,-0.79,72.51,73.12,1,1,0
1768498296.517,0.55,4.95,1.20,0.56,9.66,-1.57,-0.34,9.66,-0.79,72.51,73.12,1,1,0
1768498297.017,0.55,4.95,1.20,0.56,9.66,-1.57,-0.34,9.66,-0.79,72.51,73.12,1,1,0
1768498297.517,0.55,4.95,1.20,0.56,9.66,-1.57,-0.34,9.66,-0.79,72.51,73.12,1,1,0
1768498298.017,0.55,4.95,1.20,0.56,9.66,-1.57,-0.34,9.66,-0.79,72.51,73.12,1,1,0
1768498298.517,0.55,4.95,1.20,0.56,9.66,-1.57,-0.34,9.66,-0.79,72.51,73.12,1,1,0
1768498299.017,0.55,4.95,1.20,0.56,9.66,-1.57,-0.34,9.66,-0.79,72.51,73.12,1,1,0
1768498299.517,0.55,4.95,1.20,0.56,9.66,-1.57,-0.34,9.66,-0.79,72.51,73.12,1,1,0
1768498300.017,0.55,4.95,1.20,0.56,9.66,-1.57,-0.34,9.66,-0.79,72.51,73.12,1,1,0
1768498300.517,0.55,4.95,1.20,0.56,9.66,-1.57,-0.34,9.66,-0.79,72.51,73.12,1,1,0
1768498301.017,0.55,4.95,1.20,0.56,9.66,-1.57,-0.34,9.66,-0.79,72.51,73.12,1,1,0
1768498301.517,0.55,4.95,1.20,0.56,9.66,-1.57,-0.34,9.66,-0.79,72.51,73.12,1,1,0
1768498302.017,0.55,4.95,1.20,0.56,9.66,-1.57,-0.34,9.66,-0.79,72.51,73.12,1,1,0
1768498302.517,0.55,4.95,1.20,0.56,9.66,-1.57,-0.34,9.66,-0.79,72.51,73.12,1,1,0
1768498303.017,0.55,4.95,1.20,0.56,9.66,-1.57,-0.34,9.66,-0.79,72.51,73.12,1,1,0
1768498303.517,0.55,4.95,1.20,0.56,9.66,-1.57,-0.34,9.66,-0.79,72.51,73.12,1,1,0
1768498304.017,0.55,4.95,1.20,0.56,9.66,-1.57,-0.34,9.66,-0.79,72.51,73.12,1,1,0
1768498304.517,0.55,4.95,1.20,0.56,9.66,-1.57,-0.34,9.66,-0.79,72.51,73.12,1,1,0
1768498305.017,0.55,4.95,1.20,0.56,9.66,-1.57,-0.34,9.66,-0.79,72.51,73.12,1,1,0
1768498305.517,0.55,4.95,1.20,0.56,9.66,-1.57,-0.34,9.66,-0.79,72.51,73.12,1,1,0
1768498306.017,0.55,4.95,1.20,0.56,9.66,-1.57,-0.34,9.66,-0.79,72.51,73.12,1,1,0
1768498306.517,0.55,4.95,1.20,0.56,9.66,-1.57,-0.34,9.66,-0.79,72.51,73.12,1,1,0
1768498307.017,0.55,4.95,1.20,0.56,9.66,-1.57,-0.34,9.66,-0.79,72.51,73.12,1,1,0
1768498307.517,0.55,4.95,1.20,0.56,9.66,-1.57,-0.34,9.66,-0.79,72.51,73.12,1,1,0
1768498308.017,0.55,4.95,1.20,0.56,9.66,-1.57,-0.34,9.66,-0.79,72.51,73.12,1,1,0
1768498308.517,0.55,4.95,1.20,0.56,9.66,-1.57,-0.34,9.66,-0.79,72.51,73.12,1,1,0
1768498309.017,0.55,4.95,1.20,0.56,9.66,-1.57,-0.34,9.66,-0.79,72.51,73.12,1,1,0
1768498309.517,0.55,4.95,1.20,0.56,9.66,-1.57,-0.34,9.66,-0.79,72.51,73.12,1,1,0
1768498310.017,0.55,4.95,1.20,0.56,9.66,-1.57,-0.34,9.66,-0.79,72.51,73.12,1,1,0
1768498310.517,0.55,4.95,1.20,0.56,9.66,-1.57,-0.34,9.66,-0.79,72.51,73.12,1,1,0
1768498311.017,0.55,4.95,1.20,0.56,9.66,-1.57,-0.34,9.66,-0.79,72.51,73.12,1,1,0
1768498311.517,0.55,4.95,1.20,0.56,9.66,-1.57,-0.34,9.66,-0.79,72.51,73.12,1,1,0
1768498312.017,0.55,4.95,1.20,0.56,9.66,-1.57,-0.34,9.66,-0.79,72.51,73.12,1,1,0
1768498312.517,0.55,4.95,1.20,0.56,9.66,-1.57,-0.34,9.66,-0.79,72.51,73.12,1,1,0
1768498313.017,0.55,4.95,1.20,0.56,9.66,-1.57,-0.34,9.66,-0.79,72.51,73.12,1,1,0
1768498313.517,0.55,4.95,1.20,0.56,9.66,-1.57,-0.34,9.66,-0.79,72.51,73.12,1,1,0
1768498314.017,0.55,4.95,1.20,0.56,9.66,-1.57,-0.34,9.66,-0.79,72.51,73.12,1,1,0
1768498314.517,0.55,4.95,1.20,0.56,9.66,-1.57,-0.34,9.66,-0.79,72.51,73.12,1,1,0
1768498315.017,0.55,4.95,1.20,0.56,9.66,-1.57,-0.34,9.66,-0.79,72.51,73.12,1,1,0
1768498315.517,0.55,4.95,1.20,0.56,9.66,-1.57,-0.34,9.66,-0.79,72.51,73.12,1,1,0
1768498316.017,0.55,4.95,1.20,0.56,9.66,-1.57,-0.34,9.66,-0.79,72.51,73.12,1,1,0
1768498316.517,0.55,4.95,1.20,0.56,9.66,-1.57,-0.34,9.66,-0.79,72.51,73.12,1,1,0
1768498317.017,0.55,4.95,1.20,0.56,9.66,-1.57,-0.34,9.66,-0.79,72.51,73.12,1,1,0
1768498317.517,0.55,4.95,1.20,0.56,9.66,-1.57,-0.34,9.66,-0.79,72.51,73.12,1,1,0
1768498318.017,0.55,4.95,1.20,0.56,9.66,-1.57,-0.34,9.66,-0.79,72.51,73.12,1,1,0
1768498318.517,0.55,4.95,1.20,0.56,9.66,-1.57,-0.34,9.66,-0.79,72.51,73.12,1,1,0
1768498319.017,0.55,4.95,1.20,0.56,9.66,-1.57,-0.34,9.66,-0.79,72.51,73.12,1,1,0
1768498319.517,0.55,4.95,1.20,0.56,9.66,-1.57,-0.34,9.66,-0.79,72.51,73.12,1,1,0
1768498320.017,0.55,4.95,1.20,0.56,9.66,-1.57,-0.34,9.66,-0.79,72.51,73.12,1,1,0
1768498320.517,0.55,4.95,1.20,0.56,9.66,-1.57,-0.34,9.66,-0.79,72.51,73.12,1,1,0
1768498321.017,0.55,4.95,1.20,0.56,9.66,-1.57,-0.34,9.66,-0.79,72.51,73.12,1,1,0
1768498321.517,0.55,4.95,1.20,0.56,9.66,-1.57,-0.34,9.66,-0.79,72.51,73.12,1,1,0
1768498322.017,0.55,4.95,1.20,0.56,9.66,-1.57,-0.34,9.66,-0.79,72.51,73.12,1,1,0
1768498322.517,0.55,4.95,1.20,0.56,9.66,-1.57,-0.34,9.66,-0.79,72.51,73.12,1,1,0
1768498323.017,0.55,4.95,1.20,0.56,9.66,-1.57,-0.34,9.66,-0.79,72.51,73.12,1,1,0
1768498323.517,0.55,4.95,1.20,0.56,9.66,-1.57,-0.34,9.66,-0.79,72.51,73.12,1,1,0
1768498324.017,0.55,4.95,1.20,0.56,9.66,-1.57,-0.34,9.66,-0.79,72.51,73.12,1,1,0
1768498324.517,0.55,4.95,1.20,0.56,9.66,-1.57,-0.34,9.66,-0.79,72.51,73.12,1,1,0
1768498325.017,0.55,4.95,1.20,0.56,9.66,-1.57,-0.34,9.66,-0.79,72.51,73.12,1,1,0
1768498325.517,0.55,4.95,1.20,0.56,9.66,-1.57,-0.34,9.66,-0.79,72.51,73.12,1,1,0
1768498326.017,0.55,4.95,1.20,0.56,9.66,-1.57,-0.34,9.66,-0.79,72.51,73.12,1,1,0
1768498326.517,0.55,4.95,1.20,0.56,9.66,-1.57,-0.34,9.66,-0.79,72.51,73.12,1,1,0
1768498327.017,0.55,4.95,1.20,0.56,9.66,-1.57,-0.34,9.66,-0.79,72.51,73.12,1,1,0
1768498327.517,0.55,4.95,1.20,0.56,9.66,-1.57,-0.34,9.66,-0.79,72.51,73.12,1,1,0
1768498328.017,0.55,4.95,1.20,0.56,9.66,-1.57,-0.34,9.66,-0.79,72.51,73.12,1,1,0
1768498328.517,0.55,4.95,1.20,0.56,9.66,-1.57,-0.34,9.66,-0.79,72.51,73.12,1,1,0
1768498329.017,0.55,4.95,1.20,0.56,9.66,-1.57,-0.34,9.66,-0.79,72.51,73.12,1,1,0
1768498329.517,0.55,4.95,1.20,0.56,9.66,-1.57,-0.34,9.66,-0.79,72.51,73.12,1,1,0
1768498330.017,0.55,4.95,1.20,0.56,9.66,-1.57,-0.34,9.66,-0.79,72.51,73.12,1,1,0
1768498330.517,0.55,4.95,1.20,0.56,9.66,-1.57,-0.34,9.66,-0.79,72.51,73.12,1,1,0
1768498331.017,0.55,4.95,1.20,0.56,9.66,-1.57,-0.34,9.66,-0.79,72.51,73.12,1,1,0
1768498331.517,0.55,4.95,1.20,0.56,9.66,-1.57,-0.34,9.66,-0.79,72.51,73.12,1,1,0
1768498332.017,0.55,4.95,1.20,0.56,9.66,-1.57,-0.34,9.66,-0.79,72.51,73.12,1,1,0
1768498332.517,0.55,4.95,1.20,0.56,9.66,-1.57,-0.34,9.66,-0.79,72.51,73.12,1,1,0
1768498333.017,0.55,4.95,1.20,0.56,9.66,-1.57,-0.34,9.66,-0.79,72.51,73.12,1,1,0
1768498333.517,0.55,4.95,1.20,0.56,9.66,-1.57,-0.34,9.66,-0.79,72.51,73.12,1,1,0
1768498334.017,0.55,4.95,1.20,0.56,9.66,-1.57,-0.34,9.66,-0.79,72.51,73.12,1,1,0
1768498334.517,0.55,4.95,1.20,0.56,9.66,-1.57,-0.34,9.66,-0.79,72.51,73.12,1,1,0
1768498335.017,0.55,4.95,1.20,0.56,9.66,-1.57,-0.34,9.66,-0.79,72.51,73.12,1,1,0
1768498335.517,0.55,4.95,1.20,0.56,9.66,-1.57,-0.34,9.66,-0.79,72.51,73.12,1,1,0
1768498336.017,0.55,4.95,1.20,0.56,9.66,-1.57,-0.34,9.66,-0.79,72.51,73.12,1,1,0
1768498336.517,0.55,4.95,1.20,0.56,9.66,-1.57,-0.34,9.66,-0.79,72.51,73.12,1,1,0
1768498337.017,0.55,4.95,1.20,0.56,9.66,-1.57,-0.34,9.66,-0.79,72.51,73.12,1,1,0
1768498337.517,0.55,4.95,1.20,0.56,9.66,-1.57,-0.34,9.66,-0.79,72.51,73.12,1,1,0
1768498338.017,0.55,4.95,1.20,0.56,9.66,-1.57,-0.34,9.66,-0.79,72.51,73.12,1,1,0
1768498338.517,0.55,4.95,1.20,0.56,9.66,-1.57,-0.34,9.66,-0.79,72.51,73.12,1,1,0
1768498339.017,0.55,4.95,1.20,0.56,9.66,-1.57,-0.34,9.66,-0.79,72.51,73.12,1,1,0
1768498339.517,0.55,4.95,1.20,0.56,9.66,-1.57,-0.34,9.66,-0.79,72.51,73.12,1,1,0
1768498340.017,0.55,4.95,1.20,0.56,9.66,-1.57,-0.34,9.66,-0.79,72.51,73.12,1,1,0
1768498340.517,0.55,4.95,1.20,0.56,9.66,-1.57,-0.34,9.66,-0.79,72.51,73.12,1,1,0
1768498341.017,0.55,4.95,1.20,0.56,9.66,-1.57,-0.34,9.66,-0.79,72.51,73.12,1,1,0
1768498341.517,0.55,4.95,1.20,0.56,9.66,-1.57,-0.34,9.66,-0.79,72.51,73.12,1,1,0
1768498342.017,0.55,4.95,1.20,0.56,9.66,-1.57,-0.34,9.66,-0.79,72.51,73.12,1,1,0
1768498342.517,0.55,4.95,1.20,0.56,9.66,-1.57,-0.34,9.66,-0.79,72.51,73.12,1,1,0
1768498343.017,0.55,4.95,1.20,0.56,9.66,-1.57,-0.34,9.66,-0.79,72.51,73.12,1,1,0
1768498343.517,0.55,4.95,1.20,0.56,9.66,-1.57,-0.34,9.66,-0.79,72.51,73.12,1,1,0
1768498344.017,0.55,4.95,1.20,0.56,9.66,-1.57,-0.34,9.66,-0.79,72.51,73.12,1,1,0
1768498344.517,0.55,4.95,1.20,0.56,9.66,-1.57,-0.34,9.66,-0.79,72.51,73.12,1,1,0
1768498345.017,0.55,4.95,1.20,0.56,9.66,-1.57,-0.34,9.66,-0.79,72.51,73.12,1,1,0
1768498345.517,0.55,4.95,1.20,0.56,9.66,-1.57,-0.34,9.66,-0.79,72.51,73.12,1,1,0
1768498346.017,0.55,4.95,1.20,0.56,9.66,-1.57,-0.34,9.66,-0.79,72.51,73.12,1,1,0
1768498346.517,0.55,4.95,1.20,0.56,9.66,-1.57,-0.34,9.66,-0.79,72.51,73.12,1,1,0
1768498347.017,0.55,4.95,1.20,0.56,9.66,-1.57,-0.34,9.66,-0.79,72.51,73.12,1,1,0
1768498347.517,0.55,4.95,1.20,0.56,9.66,-1.57,-0.34,9.66,-0.79,72.51,73.12,1,1,0
1768498348.017,0.55,4.95,1.20,0.56,9.66,-1.57,-0.34,9.66,-0.79,72.51,73.12,1,1,0
1768498348.517,0.55,4.95,1.20,0.56,9.66,-1.57,-0.34,9.66,-0.79,72.51,73.12,1,1,0
1768498349.017,0.55,4.95,1.20,0.56,9.66,-1.57,-0.34,9.66,-0.79,72.51,73.12,1,1,0
1768498349.517,0.55,4.95,1.20,0.56,9.66,-1.57,-0.34,9.66,-0.79,72.51,73.12,1,1,0
1768498350.017,0.55,4.95,1.20,0.56,9.66,-1.57,-0.34,9.66,-0.79,72.51,73.12,1,1,0
1768498350.517,0.55,4.95,1.20,0.56,9.66,-1.57,-0.34,9.66,-0.79,72.51,73.12,1,1,0
1768498351.017,0.55,4.95,1.20,0.56,9.66,-1.57,-0.34,9.66,-0.79,72.51,73.12,1,1,0
1768498351.517,0.55,4.95,1.20,0.56,9.66,-1.57,-0.34,9.66,-0.79,72.51,73.12,1,1,0
1768498352.017,0.55,4.95,1.20,0.56,9.66,-1.57,-0.34,9.66,-0.79,72.51,73.12,1,1,0
1768498352.517,0.55,4.95,1.20,0.56,9.66,-1.57,-0.34,9.66,-0.79,72.51,73.12,1,1,0
1768498353.017,0.55,4.95,1.20,0.56,9.66,-1.57,-0.34,9.66,-0.79,72.51,73.12,1,1,0
1768498353.517,0.55,4.95,1.20,0.56,9.66,-1.57,-0.34,9.66,-0.79,72.51,73.12,1,1,0
1768498354.017,0.55,4.95,1.20,0.56,9.66,-1.57,-0.34,9.66,-0.79,72.51,73.12,1,1,0
1768498354.517,0.55,4.95,1.20,0.56,9.66,-1.57,-0.34,9.66,-0.79,72.51,73.12,1,1,0
1768498355.017,0.55,4.95,1.20,0.56,9.66,-1.57,-0.34,9.66,-0.79,72.51,73.12,1,1,0
1768498355.517,0.55,4.95,1.20,0.56,9.66,-1.57,-0.34,9.66,-0.79,72.51,73.12,1,1,0
1768498356.017,0.55,4.95,1.20,0.56,9.66,-1.57,-0.34,9.66,-0.79,72.51,73.12,1,1,0
1768498356.517,0.55,4.95,1.20,0.56,9.66,-1.57,-0.34,9.66,-0.79,72.51,73.12,1,1,0
1768498357.017,0.55,4.95,1.20,0.56,9.66,-1.57,-0.34,9.66,-0.79,72.51,73.12,1,1,0
1768498357.517,0.55,4.95,1.20,0.56,9.66,-1.57,-0.34,9.66,-0.79,72.51,73.12,1,1,0
1768498358.017,0.55,4.95,1.20,0.56,9.66,-1.57,-0.34,9.66,-0.79,72.51,73.12,1,1,0
1768498358.517,0.55,4.95,1.20,0.56,9.66,-1.57,-0.34,9.66,-0.79,72.51,73.12,1,1,0
1768498359.017,0.55,4.95,1.20,0.56,9.66,-1.57,-0.34,9.66,-0.79,72.51,73.12,1,1,0
1768498359.517,0.55,4.95,1.20,0.56,9.66,-1.57,-0.34,9.66,-0.79,72.51,73.12,1,1,0
1768498360.017,0.55,4.95,1.20,0.56,9.66,-1.57,-0.34,9.66,-0.79,72.51,73.12,1,1,0
1768498360.517,0.55,4.95,1.20,0.56,9.66,-1.57,-0.34,9.66,-0.79,72.51,73.12,1,1,0
1768498361.017,0.55,4.95,1.20,0.56,9.66,-1.57,-0.34,9.66,-0.79,72.51,73.12,1,1,0
1768498361.517,0.55,4.95,1.20,0.56,9.66,-1.57,-0.34,9.66,-0.79,72.51,73.12,1,1,0
1768498362.017,0.55,4.95,1.20,0.56,9.66,-1.57,-0.34,9.66,-0.79,72.51,73.12,1,1,0
1768498362.517,0.55,4.95,1.20,0.56,9.66,-1.57,-0.34,9.66,-0.79,72.51,73.12,1,1,0
1768498363.017,0.55,4.95,1.20,0.56,9.66,-1.57,-0.34,9.66,-0.79,72.51,73.12,1,1,0
1768498363.517,0.55,4.95,1.20,0.56,9.66,-1.57,-0.34,9.66,-0.79,72.51,73.12,1,1,0
1768498364.017,0.55,4.95,1.20,0.56,9.66,-1.57,-0.34,9.66,-0.79,72.51,73.12,1,1,0
1768498364.517,0.55,4.95,1.20,0.56,9.66,-1.57,-0.34,9.66,-0.79,72.51,73.12,1,1,0
1768498365.017,0.55,4.95,1.20,0.56,9.66,-1.57,-0.34,9.66,-0.79,72.51,73.12,1,1,0
1768498365.517,0.55,4.95,1.20,0.56,9.66,-1.57,-0.34,9.66,-0.79,72.51,73.12,1,1,0
1768498366.017,0.55,4.95,1.20,0.56,9.66,-1.57,-0.34,9.66,-0.79,72.51,73.12,1,1,0
1768498366.517,0.55,4.95,1.20,0.56,9.66,-1.57,-0.34,9.66,-0.79,72.51,73.12,1,1,0
1768498367.017,0.55,4.95,1.20,0.56,9.66,-1.57,-0.34,9.66,-0.79,72.51,73.12,1,1,0
1768498367.517,0.55,4.95,1.20,0.56,9.66,-1.57,-0.34,9.66,-0.79,72.51,73.12,1,1,0
1768498368.017,0.55,4.95,1.20,0.56,9.66,-1.57,-0.34,9.66,-0.79,72.51,73.12,1,1,0
1768498368.517,0.55,4.95,1.20,0.56,9.66,-1.57,-0.34,9.66,-0.79,72.51,73.12,1,1,0
1768498369.017,0.55,4.95,1.20,0.56,9.66,-1.57,-0.34,9.66,-0.79,72.51,73.12,1,1,0
1768498369.517,0.55,4.95,1.20,0.56,9.66,-1.57,-0.34,9.66,-0.79,72.51,73.12,1,1,0
1768498370.017,0.55,4.95,1.20,0.56,9.66,-1.57,-0.34,9.66,-0.79,72.51,73.12,1,1,0
1768498370.517,0.55,4.95,1.20,0.56,9.66,-1.57,-0.34,9.66,-0.79,72.51,73.12,1,1,0
1768498371.017,0.55,4.95,1.20,0.56,9.66,-1.57,-0.34,9.66,-0.79,72.51,73.12,1,1,0
1768498371.517,0.55,4.95,1.20,0.56,9.66,-1.57,-0.34,9.66,-0.79,72.51,73.12,1,1,0
1768498372.017,0.55,4.95,1.20,0.56,9.66,-1.57,-0.34,9.66,-0.79,72.51,73.12,1,1,0
1768498372.517,0.55,4.95,1.20,0.56,9.66,-1.57,-0.34,9.66,-0.79,72.51,73.12,1,1,0
1768498373.017,0.55,4.95,1.20,0.56,9.66,-1.57,-0.34,9.66,-0.79,72.51,73.12,1,1,0
1768498373.517,0.55,4.95,1.20,0.56,9.66,-1.57,-0.34,9.66,-0.79,72.51,73.12,1,1,0
1768498374.017,0.55,4.95,1.20,0.56,9.66,-1.57,-0.34,9.66,-0.79,72.51,73.12,1,1,0
1768498374.517,0.55,4.95,1.20,0.56,9.66,-1.57,-0.34,9.66,-0.79,72.51,73.12,1,1,0
1768498375.017,0.55,4.95,1.20,0.56,9.66,-1.57,-0.34,9.66,-0.79,72.51,73.12,1,1,0
1768498375.517,0.55,4.95,1.20,0.56,9.66,-1.57,-0.34,9.66,-0.79,72.51,73.12,1,1,0
1768498376.017,0.55,4.95,1.20,0.56,9.66,-1.57,-0.34,9.66,-0.79,72.51,73.12,1,1,0
1768498376.517,0.55,4.95,1.20,0.56,9.66,-1.57,-0.34,9.66,-0.79,72.51,73.12,1,1,0
1768498377.017,0.55,4.95,1.20,0.56,9.66,-1.57,-0.34,9.66,-0.79,72.51,73.12,1,1,0
1768498377.517,0.55,4.95,1.20,0.56,9.66,-1.57,-0.34,9.66,-0.79,72.51,73.12,1,1,0
1768498378.017,0.55,4.95,1.20,0.56,9.66,-1.57,-0.34,9.66,-0.79,72.51,73.12,1,1,0
1768498378.517,0.55,4.95,1.20,0.56,9.66,-1.57,-0.34,9.66,-0.79,72.51,73.12,1,1,0
1768498379.017,0.55,4.95,1.20,0.56,9.66,-1.57,-0.34,9.66,-0.79,72.51,73.12,1,1,0
1768498379.517,0.55,4.95,1.20,0.56,9.66,-1.57,-0.34,9.66,-0.79,72.51,73.12,1,1,0
1768498380.017,0.55,4.95,1.20,0.56,9.66,-1.57,-0.34,9.66,-0.79,72.51,73.12,1,1,0
1768498380.517,0.55,4.95,1.20,0.56,9.66,-1.57,-0.34,9.66,-0.79,72.51,73.12,1,1,0
1768498381.017,0.55,4.95,1.20,0.56,9.66,-1.57,-0.34,9.66,-0.79,72.51,73.12,1,1,0
1768498381.517,0.55,4.95,1.20,0.56,9.66,-1.57,-0.34,9.66,-0.79,72.51,73.12,1,1,0
1768498382.017,0.55,4.95,1.20,0.56,9.66,-1.57,-0.34,9.66,-0.79,72.51,73.12,1,1,0
1768498382.517,0.55,4.95,1.20,0.56,9.66,-1.57,-0.34,9.66,-0.79,72.51,73.12,1,1,0
1768498383.017,0.55,4.95,1.20,0.56,9.66,-1.57,-0.34,9.66,-0.79,72.51,73.12,1,1,0
1768498383.517,0.55,4.95,1.20,0.56,9.66,-1.57,-0.34,9.66,-0.79,72.51,73.12,1,1,0
1768498384.017,0.55,4.95,1.20,0.56,9.66,-1.57,-0.34,9.66,-0.79,72.51,73.12,1,1,0
1768498384.517,0.55,4.95,1.20,0.56,9.66,-1.57,-0.34,9.66,-0.79,72.51,73.12,1,1,0
1768498385.017,0.55,4.95,1.20,0.56,9.66,-1.57,-0.34,9.66,-0.79,72.51,73.12,1,1,0
1768498385.517,0.55,4.95,1.20,0.56,9.66,-1.57,-0.34,9.66,-0.79,72.51,73.12,1,1,0
1768498386.017,0.55,4.95,1.20,0.56,9.66,-1.57,-0.34,9.66,-0.79,72.51,73.12,1,1,0
1768498386.517,0.55,4.95,1.20,0.56,9.66,-1.57,-0.34,9.66,-0.79,72.51,73.12,1,1,0
1768498387.017,0.55,4.95,1.20,0.56,9.66,-1.57,-0.34,9.66,-0.79,72.51,73.12,1,1,0
1768498387.518,0.55,4.95,1.20,0.56,9.66,-1.57,-0.34,9.66,-0.79,72.51,73.12,1,1,0
1768498388.017,0.55,4.95,1.20,0.56,9.66,-1.57,-0.34,9.66,-0.79,72.51,73.12,1,1,0
1768498388.517,0.55,4.95,1.20,0.56,9.66,-1.57,-0.34,9.66,-0.79,72.51,73.12,1,1,0
1768498389.017,0.55,4.95,1.20,0.56,9.66,-1.57,-0.34,9.66,-0.79,72.51,73.12,1,1,0
1768498389.517,0.55,4.95,1.20,0.56,9.66,-1.57,-0.34,9.66,-0.79,72.51,73.12,1,1,0
1768498390.017,0.55,4.95,1.20,0.56,9.66,-1.57,-0.34,9.66,-0.79,72.51,73.12,1,1,0
1768498390.517,0.55,4.95,1.20,0.56,9.66,-1.57,-0.34,9.66,-0.79,72.51,73.12,1,1,0
1768498391.017,0.55,4.95,1.20,0.56,9.66,-1.57,-0.34,9.66,-0.79,72.51,73.12,1,1,0
1768498391.517,0.55,4.95,1.20,0.56,9.66,-1.57,-0.34,9.66,-0.79,72.51,73.12,1,1,0
1768498392.017,0.55,4.95,1.20,0.56,9.66,-1.57,-0.34,9.66,-0.79,72.51,73.12,1,1,0
1768498392.517,0.55,4.95,1.20,0.56,9.66,-1.57,-0.34,9.66,-0.79,72.51,73.12,1,1,0
1768498393.017,0.55,4.95,1.20,0.56,9.66,-1.57,-0.34,9.66,-0.79,72.51,73.12,1,1,0
1768498393.517,0.55,4.95,1.20,0.56,9.66,-1.57,-0.34,9.66,-0.79,72.51,73.12,1,1,0
1768498394.017,0.55,4.95,1.20,0.56,9.66,-1.57,-0.34,9.66,-0.79,72.51,73.12,1,1,0
1768498394.517,0.55,4.95,1.20,0.56,9.66,-1.57,-0.34,9.66,-0.79,72.51,73.12,1,1,0
1768498395.017,0.55,4.95,1.20,0.56,9.66,-1.57,-0.34,9.66,-0.79,72.51,73.12,1,1,0
1768498395.517,0.55,4.95,1.20,0.56,9.66,-1.57,-0.34,9.66,-0.79,72.51,73.12,1,1,0
1768498396.017,0.55,4.95,1.20,0.56,9.66,-1.57,-0.34,9.66,-0.79,72.51,73.12,1,1,0
1768498396.517,0.55,4.95,1.20,0.56,9.66,-1.57,-0.34,9.66,-0.79,72.51,73.12,1,1,0
1768498397.017,0.55,4.95,1.20,0.56,9.66,-1.57,-0.34,9.66,-0.79,72.51,73.12,1,1,0
1768498397.517,0.55,4.95,1.20,0.56,9.66,-1.57,-0.34,9.66,-0.79,72.51,73.12,1,1,0
1768498398.017,0.55,4.95,1.20,0.56,9.66,-1.57,-0.34,9.66,-0.79,72.51,73.12,1,1,0
1768498398.517,0.55,4.95,1.20,0.56,9.66,-1.57,-0.34,9.66,-0.79,72.51,73.12,1,1,0
1768498399.017,0.55,4.95,1.20,0.56,9.66,-1.57,-0.34,9.66,-0.79,72.51,73.12,1,1,0
1768498399.517,0.55,4.95,1.20,0.56,9.66,-1.57,-0.34,9.66,-0.79,72.51,73.12,1,1,0
1768498400.017,0.55,4.95,1.20,0.56,9.66,-1.57,-0.34,9.66,-0.79,72.51,73.12,1,1,0
1768498400.517,0.55,4.95,1.20,0.56,9.66,-1.57,-0.34,9.66,-0.79,72.51,73.12,1,1,0
1768498401.017,0.55,4.95,1.20,0.56,9.66,-1.57,-0.34,9.66,-0.79,72.51,73.12,1,1,0
1768498401.517,0.55,4.95,1.20,0.56,9.66,-1.57,-0.34,9.66,-0.79,72.51,73.12,1,1,0
1768498402.017,0.55,4.95,1.20,0.56,9.66,-1.57,-0.34,9.66,-0.79,72.51,73.12,1,1,0
1768498402.517,0.55,4.95,1.20,0.56,9.66,-1.57,-0.34,9.66,-0.79,72.51,73.12,1,1,0
1768498403.017,0.55,4.95,1.20,0.56,9.66,-1.57,-0.34,9.66,-0.79,72.51,73.12,1,1,0
1768498403.517,0.55,4.95,1.20,0.56,9.66,-1.57,-0.34,9.66,-0.79,72.51,73.12,1,1,0
1768498404.017,0.55,4.95,1.20,0.56,9.66,-1.57,-0.34,9.66,-0.79,72.51,73.12,1,1,0
1768498404.517,0.55,4.95,1.20,0.56,9.66,-1.57,-0.34,9.66,-0.79,72.51,73.12,1,1,0
1768498405.017,0.55,4.95,1.20,0.56,9.66,-1.57,-0.34,9.66,-0.79,72.51,73.12,1,1,0
1768498405.517,0.55,4.95,1.20,0.56,9.66,-1.57,-0.34,9.66,-0.79,72.51,73.12,1,1,0
1768498406.017,0.55,4.95,1.20,0.56,9.66,-1.57,-0.34,9.66,-0.79,72.51,73.12,1,1,0
1768498406.517,0.55,4.95,1.20,0.56,9.66,-1.57,-0.34,9.66,-0.79,72.51,73.12,1,1,0
1768498407.017,0.55,4.95,1.20,0.56,9.66,-1.57,-0.34,9.66,-0.79,72.51,73.12,1,1,0
1768498407.517,0.55,4.95,1.20,0.56,9.66,-1.57,-0.34,9.66,-0.79,72.51,73.12,1,1,0
1768498408.017,0.55,4.95,1.20,0.56,9.66,-1.57,-0.34,9.66,-0.79,72.51,73.12,1,1,0
1768498408.517,0.55,4.95,1.20,0.56,9.66,-1.57,-0.34,9.66,-0.79,72.51,73.12,1,1,0
1768498409.017,0.55,4.95,1.20,0.56,9.66,-1.57,-0.34,9.66,-0.79,72.51,73.12,1,1,0
1768498409.517,0.55,4.95,1.20,0.56,9.66,-1.57,-0.34,9.66,-0.79,72.51,73.12,1,1,0
1768498410.017,0.55,4.95,1.20,0.56,9.66,-1.57,-0.34,9.66,-0.79,72.51,73.12,1,1,0
1768498410.517,0.55,4.95,1.20,0.56,9.66,-1.57,-0.34,9.66,-0.79,72.51,73.12,1,1,0
1768498411.017,0.55,4.95,1.20,0.56,9.66,-1.57,-0.34,9.66,-0.79,72.51,73.12,1,1,0
1768498411.517,0.55,4.95,1.20,0.56,9.66,-1.57,-0.34,9.66,-0.79,72.51,73.12,1,1,0
1768498412.017,0.55,4.95,1.20,0.56,9.66,-1.57,-0.34,9.66,-0.79,72.51,73.12,1,1,0
1768498412.517,0.55,4.95,1.20,0.56,9.66,-1.57,-0.34,9.66,-0.79,72.51,73.12,1,1,0
1768498413.017,0.55,4.95,1.20,0.56,9.66,-1.57,-0.34,9.66,-0.79,72.51,73.12,1,1,0
1768498413.517,0.55,4.95,1.20,0.56,9.66,-1.57,-0.34,9.66,-0.79,72.51,73.12,1,1,0
1768498414.017,0.55,4.95,1.20,0.56,9.66,-1.57,-0.34,9.66,-0.79,72.51,73.12,1,1,0
1768498414.517,0.55,4.95,1.20,0.56,9.66,-1.57,-0.34,9.66,-0.79,72.51,73.12,1,1,0
1768498415.017,0.55,4.95,1.20,0.56,9.66,-1.57,-0.34,9.66,-0.79,72.51,73.12,1,1,0
1768498415.517,0.55,4.95,1.20,0.56,9.66,-1.57,-0.34,9.66,-0.79,72.51,73.12,1,1,0
1768498416.017,0.55,4.95,1.20,0.56,9.66,-1.57,-0.34,9.66,-0.79,72.51,73.12,1,1,0
1768498416.517,0.55,4.95,1.20,0.56,9.66,-1.57,-0.34,9.66,-0.79,72.51,73.12,1,1,0
1768498417.017,0.55,4.95,1.20,0.56,9.66,-1.57,-0.34,9.66,-0.79,72.51,73.12,1,1,0
1768498417.517,0.55,4.95,1.20,0.56,9.66,-1.57,-0.34,9.66,-0.79,72.51,73.12,1,1,0
1768498418.017,0.55,4.95,1.20,0.56,9.66,-1.57,-0.34,9.66,-0.79,72.51,73.12,1,1,0
1768498418.517,0.55,4.95,1.20,0.56,9.66,-1.57,-0.34,9.66,-0.79,72.51,73.12,1,1,0
1768498419.017,0.55,4.95,1.20,0.56,9.66,-1.57,-0.34,9.66,-0.79,72.51,73.12,1,1,0
1768498419.517,0.55,4.95,1.20,0.56,9.66,-1.57,-0.34,9.66,-0.79,72.51,73.12,1,1,0
1768498420.017,0.55,4.95,1.20,0.56,9.66,-1.57,-0.34,9.66,-0.79,72.51,73.12,1,1,0
1768498420.517,0.55,4.95,1.20,0.56,9.66,-1.57,-0.34,9.66,-0.79,72.51,73.12,1,1,0
1768498421.017,0.55,4.95,1.20,0.56,9.66,-1.57,-0.34,9.66,-0.79,72.51,73.12,1,1,0
1768498421.517,0.55,4.95,1.20,0.56,9.66,-1.57,-0.34,9.66,-0.79,72.51,73.12,1,1,0
1768498422.017,0.55,4.95,1.20,0.56,9.66,-1.57,-0.34,9.66,-0.79,72.51,73.12,1,1,0
1768498422.517,0.55,4.95,1.20,0.56,9.66,-1.57,-0.34,9.66,-0.79,72.51,73.12,1,1,0
1768498423.017,0.55,4.95,1.20,0.56,9.66,-1.57,-0.34,9.66,-0.79,72.51,73.12,1,1,0
1768498423.517,0.55,4.95,1.20,0.56,9.66,-1.57,-0.34,9.66,-0.79,72.51,73.12,1,1,0
1768498424.017,0.55,4.95,1.20,0.56,9.66,-1.57,-0.34,9.66,-0.79,72.51,73.12,1,1,0
1768498424.517,0.55,4.95,1.20,0.56,9.66,-1.57,-0.34,9.66,-0.79,72.51,73.12,1,1,0
1768498425.017,0.55,4.95,1.20,0.56,9.66,-1.57,-0.34,9.66,-0.79,72.51,73.12,1,1,0
1768498425.517,0.55,4.95,1.20,0.56,9.66,-1.57,-0.34,9.66,-0.79,72.51,73.12,1,1,0
1768498426.017,0.55,4.95,1.20,0.56,9.66,-1.57,-0.34,9.66,-0.79,72.51,73.12,1,1,0
1768498426.517,0.55,4.95,1.20,0.56,9.66,-1.57,-0.34,9.66,-0.79,72.51,73.12,1,1,0
1768498427.017,0.55,4.95,1.20,0.56,9.66,-1.57,-0.34,9.66,-0.79,72.51,73.12,1,1,0
1768498427.517,0.55,4.95,1.20,0.56,9.66,-1.57,-0.34,9.66,-0.79,72.51,73.12,1,1,0
1768498428.017,0.55,4.95,1.20,0.56,9.66,-1.57,-0.34,9.66,-0.79,72.51,73.12,1,1,0
1768498428.517,0.55,4.95,1.20,0.56,9.66,-1.57,-0.34,9.66,-0.79,72.51,73.12,1,1,0
1768498429.017,0.55,4.95,1.20,0.56,9.66,-1.57,-0.34,9.66,-0.79,72.51,73.12,1,1,0
1768498429.517,0.55,4.95,1.20,0.56,9.66,-1.57,-0.34,9.66,-0.79,72.51,73.12,1,1,0
1768498430.017,0.55,4.95,1.20,0.56,9.66,-1.57,-0.34,9.66,-0.79,72.51,73.12,1,1,0
1768498430.517,0.55,4.95,1.20,0.56,9.66,-1.57,-0.34,9.66,-0.79,72.51,73.12,1,1,0
1768498431.018,0.55,4.95,1.20,0.56,9.66,-1.57,-0.34,9.66,-0.79,72.51,73.12,1,1,0
1768498431.517,0.55,4.95,1.20,0.56,9.66,-1.57,-0.34,9.66,-0.79,72.51,73.12,1,1,0
1768498432.017,0.55,4.95,1.20,0.56,9.66,-1.57,-0.34,9.66,-0.79,72.51,73.12,1,1,0
1768498432.517,0.55,4.95,1.20,0.56,9.66,-1.57,-0.34,9.66,-0.79,72.51,73.12,1,1,0
1768498433.017,0.55,4.95,1.20,0.56,9.66,-1.57,-0.34,9.66,-0.79,72.51,73.12,1,1,0
1768498433.517,0.55,4.95,1.20,0.56,9.66,-1.57,-0.34,9.66,-0.79,72.86,73.12,1,1,0
1768498434.017,0.95,6.08,0.21,4.81,6.40,0.08,-0.34,9.66,-0.79,72.86,73.12,1,1,1
1768498434.517,0.95,6.08,0.21,4.86,6.09,0.00,-0.34,9.66,-0.79,72.77,73.12,1,1,1
1768498435.017,0.95,6.08,0.21,4.87,6.08,0.00,-0.34,9.66,-0.79,72.77,73.12,0,1,1
1768498435.517,0.95,6.08,0.21,4.87,6.11,0.01,-0.34,9.66,-0.79,72.77,73.12,0,1,1
1768498436.017,0.95,6.08,0.21,4.88,6.10,0.01,-0.34,9.66,-0.79,72.86,73.12,0,1,1
1768498436.517,0.95,6.08,0.21,4.83,6.40,0.08,-0.34,9.66,-0.79,72.86,73.12,1,1,1
1768498437.017,0.95,6.08,0.21,4.88,6.08,0.00,-0.34,9.66,-0.79,72.77,73.12,1,1,1
1768498437.517,0.95,6.08,0.21,4.87,6.09,0.00,-0.34,9.66,-0.79,72.77,73.12,0,1,1
1768498438.017,0.95,6.08,0.21,4.88,6.09,0.00,-0.34,9.66,-0.79,72.77,73.12,0,1,1
1768498438.517,0.95,6.08,0.21,4.88,6.13,0.01,-0.34,9.66,-0.79,72.77,73.12,0,1,1
1768498439.017,0.95,6.08,0.21,4.88,6.08,0.00,4.88,5.18,0.79,72.69,73.12,0,1,1
1768498439.517,0.95,6.08,0.21,4.87,6.44,0.09,4.88,5.18,0.79,72.69,73.12,1,1,1
1768498440.017,0.95,6.08,0.21,4.89,6.08,0.00,4.88,5.18,0.79,72.77,73.12,1,1,1
1768498440.517,0.95,6.08,0.20,4.89,6.08,0.00,4.88,5.18,0.79,72.69,73.12,1,1,0
1768498441.017,0.94,6.07,-0.09,4.89,6.08,0.00,4.88,5.18,0.79,72.69,73.12,1,1,0
1768498441.517,0.96,6.06,-0.44,4.89,6.08,0.00,4.88,5.18,0.79,72.86,73.12,1,1,0
1768498442.017,0.96,6.06,-0.66,4.89,6.08,0.00,4.88,5.18,0.79,72.86,73.12,1,1,0
1768498442.517,0.96,6.07,-0.85,4.89,6.08,0.00,4.88,5.18,0.79,72.86,73.12,1,1,0
1768498443.017,0.96,6.07,-0.91,4.89,6.08,0.00,4.88,5.18,0.79,72.77,73.12,1,1,0
1768498443.517,0.96,6.07,-0.97,4.89,6.08,0.00,4.88,5.18,0.79,72.77,73.12,1,1,0
1768498444.017,0.97,6.05,-1.00,4.89,6.08,0.00,4.88,5.18,0.79,72.77,73.12,1,1,0
1768498444.517,1.00,6.01,-1.03,4.89,6.08,0.00,4.88,5.18,0.79,72.86,73.12,1,1,0
1768498445.017,1.03,5.96,-1.04,4.89,6.08,0.00,4.88,5.18,0.79,72.77,73.12,1,1,0
1768498445.517,1.08,5.88,-1.01,4.89,6.08,0.00,4.88,5.18,0.79,72.86,73.12,1,1,0
1768498446.017,1.11,5.84,-0.95,4.89,6.08,0.00,4.88,5.18,0.79,72.86,73.12,1,1,0
1768498446.517,1.16,5.77,-0.84,4.89,6.08,0.00,4.88,5.18,0.79,72.77,73.12,1,1,0
1768498447.017,1.19,5.73,-0.73,4.89,6.08,0.00,4.88,5.18,0.79,72.86,73.12,1,1,0
1768498447.517,1.25,5.69,-0.57,4.89,6.08,0.00,4.88,5.18,0.79,72.86,73.12,1,1,0
1768498448.017,1.31,5.66,-0.47,4.89,6.08,0.00,4.88,5.18,0.79,72.77,73.12,1,1,0
1768498448.517,1.39,5.62,-0.32,4.89,6.08,0.00,4.88,5.18,0.79,72.86,73.12,1,1,0
1768498449.017,1.46,5.60,-0.26,4.89,6.08,0.00,4.88,5.18,0.79,72.77,73.12,1,1,0
1768498449.517,1.59,5.57,-0.19,4.89,6.08,0.00,4.88,5.18,0.79,72.86,73.12,1,1,0
1768498450.017,1.71,5.55,-0.16,4.83,6.07,0.16,4.88,5.18,0.79,72.77,73.12,0,1,1
1768498450.517,1.91,5.53,-0.14,4.85,6.06,0.18,4.88,5.18,0.79,72.86,73.12,0,1,1
1768498451.017,2.05,5.51,-0.13,4.83,6.04,0.19,4.88,5.18,0.79,72.86,73.12,0,1,1
1768498451.517,2.28,5.48,-0.13,4.83,6.04,0.19,4.88,5.18,0.79,72.86,73.12,0,1,0
1768498452.017,2.43,5.47,-0.11,4.83,6.04,0.19,4.88,5.18,0.79,72.77,73.12,0,1,0
1768498452.517,2.66,5.44,-0.11,4.83,6.04,0.19,4.88,5.18,0.79,72.77,73.12,0,1,0
1768498453.017,2.82,5.42,-0.12,4.83,6.04,0.19,4.88,5.18,0.79,72.77,73.12,0,1,0
1768498453.517,3.05,5.40,-0.12,4.83,6.04,0.19,4.88,5.18,0.79,72.77,73.12,0,1,0
1768498454.017,3.21,5.38,-0.12,4.83,6.04,0.19,4.88,5.18,0.79,72.86,73.12,0,1,0
1768498454.517,3.46,5.35,-0.12,4.83,6.04,0.19,4.88,5.18,0.79,72.77,73.12,0,1,0
1768498455.017,3.61,5.34,-0.12,4.83,6.04,0.19,4.88,5.18,0.79,72.77,73.12,0,1,0
1768498455.517,3.80,5.32,-0.12,4.83,6.04,0.19,4.88,5.18,0.79,72.86,73.12,0,1,0
1768498456.017,3.90,5.31,-0.12,4.83,6.04,0.19,4.88,5.18,0.79,72.77,73.12,0,1,0
1768498456.517,4.04,5.29,-0.13,4.83,6.04,0.19,4.88,5.18,0.79,72.77,73.12,0,1,0
1768498457.017,4.13,5.28,-0.12,4.83,6.04,0.19,4.88,5.18,0.79,72.77,73.12,0,1,0
1768498457.517,4.26,5.26,-0.12,4.83,6.04,0.19,4.88,5.18,0.79,72.77,73.12,0,1,0
1768498458.017,4.34,5.26,-0.12,4.83,6.04,0.19,4.88,5.18,0.79,72.77,73.12,0,1,0
1768498458.517,4.46,5.24,-0.12,6.16,4.78,-0.26,4.88,5.18,0.79,72.77,73.12,1,1,1
1768498459.017,4.56,5.23,-0.13,6.16,4.78,-0.27,4.88,5.18,0.79,72.77,73.12,0,1,1
1768498459.517,4.67,5.21,-0.13,6.16,4.78,-0.28,4.88,5.18,0.79,72.77,73.12,0,1,1
1768498460.017,4.74,5.21,-0.12,6.18,4.78,-0.29,4.88,5.18,0.79,72.77,73.12,0,1,1
1768498460.517,4.80,5.20,-0.12,6.18,4.78,-0.29,4.88,5.18,0.79,72.77,73.12,0,1,0
1768498461.017,4.83,5.19,-0.12,6.18,4.78,-0.29,4.88,5.18,0.79,72.77,73.12,0,1,0
1768498461.517,4.83,5.20,0.00,6.18,4.78,-0.29,4.88,5.18,0.79,72.77,73.12,0,1,0
1768498462.017,4.83,5.21,0.28,6.18,4.78,-0.29,4.88,5.18,0.79,72.77,73.12,0,1,0
1768498462.517,4.84,5.19,0.52,6.18,4.78,-0.29,4.88,5.18,0.79,72.77,73.12,0,1,0
1768498463.017,4.84,5.19,0.61,6.18,4.78,-0.29,4.88,5.18,0.79,72.77,73.12,0,1,0
1768498463.517,4.84,5.19,0.69,6.18,4.78,-0.29,4.88,5.18,0.79,72.77,73.12,0,1,0
1768498464.017,4.84,5.19,0.69,6.18,4.78,-0.29,4.88,5.18,0.79,71.28,73.12,0,1,0
1768498464.517,4.84,5.19,0.69,6.18,4.78,-0.29,4.88,5.18,0.79,32.78,73.12,0,1,0
1768498465.017,4.84,5.19,0.69,6.18,4.78,-0.29,4.88,5.18,0.79,6.15,73.12,0,1,0
1768498465.517,4.84,5.19,0.69,6.18,4.78,-0.29,4.88,5.18,0.79,2.46,73.12,0,1,0
1768498466.017,4.84,5.19,0.69,6.18,4.78,-0.29,4.88,5.18,0.79,3.34,73.12,0,1,0
1768498466.517,4.84,5.19,0.69,6.18,4.78,-0.29,4.88,5.18,0.79,16.17,73.12,0,1,0
1768498467.017,4.83,5.19,0.69,6.18,4.78,-0.29,4.88,5.18,0.79,5.80,73.12,0,1,0
1768498467.517,4.84,5.19,0.69,6.18,4.78,-0.29,4.88,5.18,0.79,10.90,73.12,0,1,0
1768498468.017,4.84,5.19,0.69,6.18,4.78,-0.29,4.88,5.18,0.79,0.97,73.12,0,1,0
1768498468.517,4.84,5.19,0.69,6.18,4.78,-0.29,4.88,5.18,0.79,2.90,73.12,0,1,0
1768498469.017,4.84,5.19,0.69,6.18,4.78,-0.29,4.88,5.18,0.79,17.14,73.12,0,1,0
1768498469.517,4.83,5.19,0.56,6.18,4.78,-0.29,4.88,5.18,0.79,2.99,73.12,0,1,0
1768498470.017,4.81,5.18,0.36,6.18,4.78,-0.29,4.88,5.18,0.79,19.95,73.12,0,1,0
1768498470.517,4.76,5.17,0.04,6.18,4.78,-0.29,4.88,5.18,0.79,0.44,73.12,0,1,0
1768498471.017,4.72,5.17,-0.36,6.18,4.78,-0.29,4.88,5.18,0.79,2.37,73.12,0,1,0
1768498471.517,4.75,5.15,-0.89,6.18,4.78,-0.29,4.88,5.18,0.79,15.38,73.12,0,1,0
1768498472.017,4.76,5.13,-1.08,6.18,4.78,-0.29,4.88,5.18,0.79,14.24,73.12,0,1,0
1768498472.517,4.77,5.12,-1.29,4.94,2.49,-1.51,4.88,5.18,0.79,67.50,73.12,1,1,1
1768498473.017,4.77,5.12,-1.32,5.11,2.30,-1.45,4.22,2.19,-0.67,71.81,73.12,1,1,1
1768498473.517,4.77,5.12,-1.31,4.88,2.37,-1.53,4.22,2.19,-0.67,72.16,73.12,1,1,1
1768498474.017,4.76,5.12,-1.31,5.08,2.46,-1.45,4.22,2.19,-0.67,72.69,73.12,1,1,1
1768498474.517,4.76,5.12,-1.31,5.08,2.46,-1.45,4.22,2.19,-0.67,72.77,73.12,1,1,0
1768498475.017,4.75,5.12,-1.57,5.30,2.51,-1.37,4.22,2.19,-0.67,72.77,73.12,1,1,1
1768498475.517,4.77,5.12,-1.64,4.96,2.47,-1.50,4.22,2.19,-0.67,72.60,73.12,1,1,1
1768498476.017,4.77,5.12,-1.68,4.90,2.46,-1.52,4.22,2.19,-0.67,72.69,73.12,0,1,1
1768498476.517,4.77,5.10,-1.73,5.14,2.28,-1.44,4.22,2.19,-0.67,72.60,73.12,1,1,1
1768498477.017,4.76,5.06,-1.76,4.88,2.28,-1.53,4.22,2.19,-0.67,72.60,73.12,1,1,1
1768498477.517,4.75,4.99,-1.77,4.83,2.31,-1.54,4.22,2.19,-0.67,72.69,73.12,0,1,1
1768498478.017,4.74,4.93,-1.77,4.85,2.32,-1.53,4.22,2.19,-0.67,72.69,73.12,0,1,1
1768498478.517,4.71,4.82,-1.78,4.82,2.32,-1.53,4.22,2.19,-0.67,72.69,73.12,0,1,1
1768498479.017,4.69,4.72,-1.78,4.82,2.30,-1.52,4.22,2.19,-0.67,72.77,73.12,0,1,1
1768498479.517,4.66,4.54,-1.78,4.91,2.47,-1.45,4.22,2.19,-0.67,72.77,73.12,1,1,1
1768498480.017,4.63,4.39,-1.78,4.91,2.47,-1.45,4.22,2.19,-0.67,72.77,73.12,1,1,0
1768498480.517,4.59,4.17,-1.78,4.91,2.47,-1.45,4.22,2.19,-0.67,72.69,73.12,1,1,0
1768498481.017,4.56,4.03,-1.79,4.91,2.47,-1.45,4.22,2.19,-0.67,72.69,73.12,1,1,0
1768498481.517,4.52,3.82,-1.79,4.91,2.47,-1.45,4.22,2.19,-0.67,72.69,73.12,1,1,0
1768498482.017,4.49,3.67,-1.79,4.91,2.47,-1.45,4.22,2.19,-0.67,72.86,73.12,1,1,0
1768498482.517,4.45,3.47,-1.79,4.91,2.47,-1.45,4.22,2.19,-0.67,72.77,73.12,1,1,0
1768498483.017,4.42,3.35,-1.79,4.91,2.47,-1.45,4.22,2.19,-0.67,72.77,73.12,1,1,0
1768498483.517,4.39,3.20,-1.79,4.91,2.47,-1.45,4.22,2.19,-0.67,72.77,73.12,1,1,0
1768498484.017,4.38,3.12,-1.79,4.91,2.47,-1.45,4.22,2.19,-0.67,72.69,73.12,1,1,0
1768498484.517,4.35,2.99,-1.79,4.91,2.47,-1.45,4.22,2.19,-0.67,72.77,73.12,1,1,0
1768498485.017,4.34,2.92,-1.80,4.91,2.47,-1.45,4.22,2.19,-0.67,72.77,73.12,1,1,0
1768498485.517,4.31,2.80,-1.79,4.91,2.47,-1.45,4.22,2.19,-0.67,72.77,73.12,1,1,0
1768498486.017,4.29,2.71,-1.79,4.91,2.47,-1.45,4.22,2.19,-0.67,72.86,73.12,1,1,0
1768498486.517,4.26,2.59,-1.79,4.91,2.47,-1.45,4.22,2.19,-0.67,72.69,73.12,1,1,0
1768498487.017,4.25,2.52,-1.76,4.91,2.47,-1.45,4.22,2.19,-0.67,72.77,73.12,1,1,0
1768498487.517,4.24,2.43,-1.64,4.91,2.47,-1.45,4.22,2.19,-0.67,72.77,73.12,1,1,0
1768498488.017,4.24,2.36,-1.57,4.91,2.47,-1.45,4.22,2.19,-0.67,72.77,73.12,1,1,0
1768498488.517,4.24,2.29,-1.46,4.91,2.47,-1.45,4.22,2.19,-0.67,72.77,73.12,1,1,0
1768498489.017,4.24,2.26,-1.43,4.91,2.47,-1.45,4.22,2.19,-0.67,72.69,73.12,1,1,0
1768498489.517,4.25,2.23,-1.40,4.91,2.47,-1.45,4.22,2.19,-0.67,72.77,73.12,1,1,0
1768498490.017,4.25,2.23,-1.25,4.91,2.47,-1.45,4.22,2.19,-0.67,72.77,73.12,1,1,0
1768498490.517,4.25,2.23,-0.95,4.91,2.47,-1.45,4.22,2.19,-0.67,72.69,73.12,1,1,0
1768498491.017,4.25,2.23,-0.87,4.91,2.47,-1.45,4.22,2.19,-0.67,72.69,73.12,1,1,0
1768498491.517,4.25,2.23,-0.78,4.91,2.47,-1.45,4.22,2.19,-0.67,72.69,73.12,1,1,0
1768498492.017,4.25,2.23,-0.75,4.91,2.47,-1.45,4.22,2.19,-0.67,72.69,73.12,1,1,0
1768498492.517,4.25,2.23,-0.76,4.91,2.47,-1.45,4.22,2.19,-0.67,72.69,73.12,1,1,0
1768498493.017,4.25,2.23,-0.76,4.91,2.47,-1.45,4.22,2.19,-0.67,72.69,73.12,1,1,0
1768498493.517,4.25,2.23,-0.76,4.91,2.47,-1.45,4.22,2.19,-0.67,72.42,73.12,1,1,0
1768498494.017,4.25,2.23,-0.77,4.91,2.47,-1.45,4.22,2.19,-0.67,18.37,73.12,1,1,0
1768498494.517,4.25,2.23,-0.79,4.91,2.47,-1.45,4.22,2.19,-0.67,5.27,73.12,1,1,0
1768498495.017,4.25,2.23,-0.83,4.91,2.47,-1.45,4.22,2.19,-0.67,0.62,73.12,1,1,0
1768498495.517,4.24,2.23,-0.97,4.91,2.47,-1.45,4.22,2.19,-0.67,1.58,73.12,1,1,0
1768498496.017,4.24,2.24,-1.11,4.91,2.47,-1.45,4.22,2.19,-0.67,16.70,73.12,1,1,0
1768498496.517,4.24,2.24,-1.38,4.91,2.47,-1.45,4.22,2.19,-0.67,2.29,73.12,1,1,0
1768498497.017,4.24,2.25,-1.61,4.91,2.47,-1.45,4.22,2.19,-0.67,20.57,73.12,1,1,0
1768498497.517,4.24,2.25,-2.07,4.91,2.47,-1.45,4.22,2.19,-0.67,2.11,73.12,1,1,0
1768498498.017,4.24,2.25,-2.43,4.91,2.47,-1.45,4.22,2.19,-0.67,9.23,73.12,1,1,0
1768498498.517,4.24,2.25,-2.87,4.91,2.47,-1.45,4.22,2.19,-0.67,11.87,73.12,1,1,0
1768498499.017,4.24,2.24,-3.00,2.59,1.91,-2.94,2.41,2.79,-2.16,1.14,73.12,1,1,1
1768498499.517,4.25,2.25,-2.98,2.51,1.89,-2.94,2.41,2.79,-2.16,6.15,73.12,0,1,1
1768498500.017,4.25,2.25,-2.98,2.18,1.83,-2.94,2.41,2.79,-2.16,0.53,73.12,1,1,1
1768498500.517,4.25,2.25,-2.98,2.18,1.83,-2.94,2.41,2.79,-2.16,9.05,73.12,1,1,0
1768498501.017,4.26,2.25,3.08,1.49,1.81,-2.98,2.41,2.79,-2.16,20.48,73.12,1,1,1
1768498501.517,4.25,2.25,2.98,0.73,2.03,-3.08,2.41,2.79,-2.16,0.44,73.12,1,1,1
1768498502.017,4.24,2.25,2.95,0.63,2.11,-3.10,2.41,2.79,-2.16,6.33,73.12,1,1,1
1768498502.517,4.22,2.26,2.90,0.53,2.08,-3.09,2.41,2.79,-2.16,6.77,73.12,0,1,1
1768498503.017,4.19,2.27,2.88,0.25,1.85,-3.03,2.41,2.79,-2.16,17.67,73.12,1,1,1
1768498503.517,4.12,2.29,2.87,0.17,1.95,-3.06,2.41,2.79,-2.16,44.03,73.12,0,1,1
1768498504.017,4.06,2.31,2.86,0.18,2.08,-3.08,2.41,2.79,-2.16,71.72,73.12,1,1,1
1768498504.517,3.93,2.34,2.86,0.09,2.19,-3.10,2.41,2.79,-2.16,72.86,73.12,1,1,1
1768498505.017,3.83,2.36,2.86,0.23,2.10,-3.07,0.16,3.00,-2.28,72.25,73.12,1,1,1
1768498505.517,3.64,2.42,2.86,0.09,2.18,-3.08,0.16,3.00,-2.28,72.51,73.12,1,1,1
1768498506.017,3.52,2.45,2.85,0.09,2.18,-3.08,0.16,3.00,-2.28,72.95,73.12,1,1,0
1768498506.517,3.51,2.45,2.85,0.09,2.18,-3.08,0.16,3.00,-2.28,72.95,73.12,1,1,0
1768498507.017,3.51,2.45,2.89,0.08,2.23,-3.08,0.16,3.00,-2.28,72.86,73.12,0,1,1
1768498507.517,3.50,2.46,2.94,0.24,1.92,-2.98,0.16,3.00,-2.28,72.86,73.12,1,1,1
1768498508.017,3.48,2.46,2.96,0.19,1.87,-2.96,0.16,3.00,-2.28,72.86,73.12,0,1,1
1768498508.517,3.43,2.47,2.97,0.25,1.90,-2.96,0.16,3.00,-2.28,72.77,73.12,0,1,1
1768498509.017,3.38,2.48,2.97,0.22,1.88,-2.95,0.16,3.00,-2.28,72.86,73.12,0,1,1
1768498509.517,3.27,2.50,2.98,0.13,1.88,-2.95,0.16,3.00,-2.28,72.86,73.12,0,1,1
1768498510.017,3.17,2.51,2.98,0.11,2.14,-3.02,0.16,3.00,-2.28,72.86,73.12,1,1,1
1768498510.517,3.03,2.53,2.98,0.09,2.16,-3.02,0.16,3.00,-2.28,72.86,73.12,0,1,1
1768498511.017,2.90,2.55,2.98,0.23,2.08,-2.97,0.16,3.00,-2.28,72.77,73.12,1,1,1
1768498511.517,2.68,2.59,2.98,0.10,2.16,-2.98,0.16,3.00,-2.28,72.86,73.12,1,1,1
1768498512.017,2.54,2.61,2.98,0.14,2.16,-2.96,0.16,3.00,-2.28,72.86,73.12,0,1,1
1768498512.517,2.54,2.61,2.98,0.14,2.16,-2.96,0.16,3.00,-2.28,72.86,73.12,0,1,0
1768498513.017,2.07,2.68,2.98,0.14,2.16,-2.96,0.16,3.00,-2.28,72.95,73.12,0,1,0
1768498513.517,1.92,2.70,2.97,0.14,2.16,-2.96,0.16,3.00,-2.28,72.77,73.12,0,1,0
1768498514.017,1.77,2.72,2.97,0.14,2.16,-2.96,0.16,3.00,-2.28,72.77,73.12,0,1,0
1768498514.517,1.53,2.76,2.97,0.14,2.16,-2.96,0.16,3.00,-2.28,72.77,73.12,0,1,0
1768498515.017,1.39,2.79,2.97,0.14,2.16,-2.96,0.16,3.00,-2.28,72.69,73.12,0,1,0
1768498515.517,1.20,2.82,2.98,0.14,2.16,-2.96,0.16,3.00,-2.28,72.69,73.12,0,1,0
1768498516.017,1.09,2.84,2.97,0.14,2.16,-2.96,0.16,3.00,-2.28,72.86,73.12,0,1,0
1768498516.517,0.94,2.87,2.98,0.14,2.16,-2.96,0.16,3.00,-2.28,72.77,73.12,0,1,0
1768498517.017,0.87,2.87,2.97,0.14,2.16,-2.96,0.16,3.00,-2.28,72.69,73.12,0,1,0
1768498517.517,0.74,2.89,2.97,0.14,2.16,-2.96,0.16,3.00,-2.28,72.60,73.12,0,1,0
1768498518.017,0.66,2.90,2.98,0.14,2.16,-2.96,0.16,3.00,-2.28,72.69,73.12,0,1,0
1768498518.517,0.54,2.92,2.97,0.14,2.16,-2.96,0.16,3.00,-2.28,72.77,73.12,0,1,0
1768498519.017,0.45,2.93,2.97,0.14,2.16,-2.96,0.16,3.00,-2.28,72.86,73.12,0,1,0
1768498519.517,0.33,2.96,2.97,0.14,2.16,-2.96,0.16,3.00,-2.28,72.69,73.12,0,1,0
1768498520.017,0.26,2.97,2.97,0.14,2.16,-2.96,0.16,3.00,-2.28,72.77,73.12,0,1,0
1768498520.517,0.22,2.97,2.97,0.14,2.16,-2.96,0.16,3.00,-2.28,72.69,73.12,0,1,0
1768498521.017,0.20,2.98,2.96,0.14,2.16,-2.96,0.16,3.00,-2.28,72.60,73.12,0,1,0
1768498521.517,0.20,2.97,-2.97,0.14,2.16,-2.96,0.16,3.00,-2.28,72.69,73.12,0,1,0
1768498522.017,0.20,2.97,-2.71,0.14,2.16,-2.96,0.16,3.00,-2.28,72.51,73.12,0,1,0
1768498522.517,0.20,2.98,-2.52,0.14,2.16,-2.96,0.16,3.00,-2.28,72.51,73.12,0,1,0
1768498523.017,0.20,2.98,-2.45,0.14,2.16,-2.96,0.16,3.00,-2.28,72.42,73.12,0,1,0
1768498523.517,0.20,2.97,-2.38,0.14,2.16,-2.96,0.16,3.00,-2.28,41.31,73.12,0,1,0
1768498524.017,0.20,2.97,-2.37,0.14,2.16,-2.96,0.16,3.00,-2.28,11.25,73.12,0,1,0
1768498524.517,0.21,2.97,-2.37,0.14,2.16,-2.96,0.16,3.00,-2.28,10.63,73.12,0,1,0
1768498525.017,0.20,2.97,-2.38,-2.45,0.63,-2.42,-3.05,1.30,-1.63,8.96,73.12,1,1,1
1768498525.517,0.20,2.97,-2.39,-0.54,2.39,0.67,-3.05,1.30,-1.63,8.88,73.12,1,1,1
1768498526.017,0.19,2.96,-2.46,-0.45,2.68,-2.72,-3.05,1.30,-1.63,16.70,73.12,1,1,1
1768498526.517,0.16,2.95,-2.62,-0.45,2.68,-2.72,-3.05,1.30,-1.63,4.22,73.12,1,1,0
1768498527.017,0.14,2.94,-2.76,-0.45,2.68,-2.72,-3.05,1.30,-1.63,7.56,73.12,1,1,0
1768498527.517,0.07,2.92,-3.13,-0.45,2.68,-2.72,-3.05,1.30,-1.63,6.86,73.12,1,1,0
1768498528.017,0.02,2.93,2.86,-0.45,2.68,-2.72,-3.05,1.30,-1.63,6.86,73.12,1,1,0
1768498528.517,-0.03,2.96,2.48,-0.45,2.68,-2.72,-3.05,1.30,-1.63,17.05,73.12,1,1,0
1768498529.017,-0.06,2.98,2.30,-0.45,2.68,-2.72,-3.05,1.30,-1.63,1.41,73.12,1,1,0
1768498529.517,-0.07,3.00,2.03,-0.58,4.33,1.94,-3.05,1.30,-1.63,6.86,73.12,1,1,1
1768498530.017,-0.08,3.03,1.77,-0.38,4.90,1.73,-3.05,1.30,-1.63,0.70,73.12,1,1,1
1768498530.517,-0.09,3.07,1.59,-0.29,5.16,1.66,-3.05,1.30,-1.63,0.70,73.12,1,1,1
1768498531.017,-0.09,3.06,1.62,-0.22,5.32,1.63,-3.05,1.30,-1.63,6.86,73.12,1,1,1
1768498531.517,-0.08,3.05,1.62,-0.03,5.71,1.55,-3.05,1.30,-1.63,6.68,73.12,1,1,1
1768498532.017,-0.08,3.05,1.62,-0.22,5.78,1.62,-3.05,1.30,-1.63,5.36,73.12,1,1,1
1768498532.517,-0.08,3.05,1.62,-0.16,5.89,1.60,-3.05,1.30,-1.63,57.66,73.12,1,1,1
1768498533.017,-0.08,3.05,1.62,-0.21,6.01,1.62,-3.05,1.30,-1.63,60.56,73.12,1,1,1
1768498533.517,-0.08,3.05,1.62,-0.23,6.02,1.62,0.67,6.07,2.41,61.88,73.12,0,1,1
1768498534.017,-0.08,3.05,1.62,-0.23,6.03,1.62,0.67,6.07,2.41,71.98,73.12,0,1,1
1768498534.517,-0.08,3.05,1.62,-0.23,6.03,1.62,0.67,6.07,2.41,72.25,73.12,0,1,1
1768498535.017,-0.08,3.05,1.62,-0.22,6.02,1.62,0.67,6.07,2.41,72.51,73.12,0,1,1
1768498535.517,-0.07,3.04,1.47,-0.09,5.83,1.58,0.67,6.07,2.41,72.51,73.12,1,1,1
1768498536.017,-0.08,3.05,1.44,0.01,5.85,1.54,0.67,6.07,2.41,72.51,73.12,1,1,1
1768498536.517,-0.08,3.06,1.38,0.08,6.03,1.52,0.67,6.07,2.41,72.33,73.12,1,1,1
1768498537.017,-0.07,3.09,1.35,0.00,5.88,1.54,0.67,6.07,2.41,72.51,73.12,1,1,1
1768498537.517,-0.06,3.16,1.34,0.01,5.84,1.55,0.67,6.07,2.41,72.51,73.12,0,1,1
1768498538.017,-0.04,3.21,1.34,-0.19,5.86,1.63,0.67,6.07,2.41,72.60,73.12,1,1,1
1768498538.517,-0.01,3.32,1.32,-0.19,5.84,1.64,0.67,6.07,2.41,72.51,73.12,0,1,1
1768498539.017,0.01,3.41,1.32,-0.19,5.84,1.65,0.67,6.07,2.41,72.51,73.12,0,1,1
1768498539.517,0.05,3.58,1.32,0.01,5.83,1.59,0.67,6.07,2.41,72.60,73.12,1,1,1
1768498540.017,0.09,3.74,1.32,0.00,5.81,1.61,0.67,6.07,2.41,72.69,73.12,0,1,1
1768498540.517,0.14,3.95,1.31,0.07,6.00,1.61,0.67,6.07,2.41,72.60,73.12,1,1,1
1768498541.017,0.17,4.09,1.32,0.07,6.00,1.61,0.67,6.07,2.41,72.77,73.12,1,1,0
1768498541.517,0.22,4.30,1.31,0.07,6.00,1.61,0.67,6.07,2.41,72.69,73.12,1,1,0
1768498542.017,0.25,4.44,1.31,0.07,6.00,1.61,0.67,6.07,2.41,72.69,73.12,1,1,0
1768498542.517,0.32,4.68,1.31,0.07,6.00,1.61,0.67,6.07,2.41,72.69,73.12,1,1,0
1768498543.017,0.35,4.84,1.31,0.07,6.00,1.61,0.67,6.07,2.41,72.69,73.12,1,1,0
1768498543.517,0.40,5.00,1.30,0.07,6.00,1.61,0.67,6.07,2.41,72.69,73.12,1,1,0
1768498544.017,0.42,5.09,1.31,0.07,6.00,1.61,0.67,6.07,2.41,72.69,73.12,1,1,0
1768498544.517,0.45,5.21,1.30,0.07,6.00,1.61,0.67,6.07,2.41,72.69,73.12,1,1,0
1768498545.017,0.47,5.29,1.31,0.07,6.00,1.61,0.67,6.07,2.41,72.69,73.12,1,1,0
1768498545.517,0.50,5.42,1.31,0.07,6.00,1.61,0.67,6.07,2.41,72.69,73.12,1,1,0
1768498546.017,0.52,5.51,1.31,0.07,6.00,1.61,0.67,6.07,2.41,72.69,73.12,1,1,0
1768498546.517,0.55,5.63,1.30,0.07,6.00,1.61,0.67,6.07,2.41,72.69,73.12,1,1,0
1768498547.017,0.57,5.70,1.30,0.07,6.00,1.61,0.67,6.07,2.41,72.69,73.12,1,1,0
1768498547.517,0.60,5.81,1.33,0.07,6.00,1.61,0.67,6.07,2.41,72.69,73.12,1,1,0
1768498548.017,0.60,5.81,1.33,0.07,6.00,1.61,0.67,6.07,2.41,72.69,73.12,1,1,0
1768498548.517,0.60,5.81,1.33,0.07,6.00,1.61,0.67,6.07,2.41,72.69,73.12,1,1,0
1768498549.017,0.60,5.81,1.33,0.07,6.00,1.61,0.67,6.07,2.41,72.69,73.12,1,1,0
1768498549.517,0.60,5.81,1.33,0.07,6.00,1.61,0.67,6.07,2.41,72.69,73.12,1,1,0
1768498550.017,0.60,5.81,1.33,0.07,6.00,1.61,0.67,6.07,2.41,72.69,73.12,1,1,0
1768498550.517,0.60,5.81,1.33,0.07,6.00,1.61,0.67,6.07,2.41,72.69,73.12,1,1,0
1768498551.017,0.60,5.81,1.33,0.07,6.00,1.61,0.67,6.07,2.41,72.69,73.12,1,1,0
1768498551.517,0.60,5.81,1.33,0.07,6.00,1.61,0.67,6.07,2.41,72.69,73.12,1,1,0
1768498552.017,0.60,5.81,1.33,0.07,6.00,1.61,0.67,6.07,2.41,72.69,73.12,1,1,0
1768498552.517,0.60,5.81,1.33,0.07,6.00,1.61,0.67,6.07,2.41,72.69,73.12,1,1,0
1768498553.017,0.60,5.81,1.33,0.07,6.00,1.61,0.67,6.07,2.41,72.69,73.12,1,1,0
1768498553.517,0.60,5.81,1.33,0.07,6.00,1.61,0.67,6.07,2.41,72.69,73.12,1,1,0
1768498554.017,0.60,5.81,1.33,0.07,6.00,1.61,0.67,6.07,2.41,72.69,73.12,1,1,0
1768498554.517,0.60,5.81,1.33,0.07,6.00,1.61,0.67,6.07,2.41,72.69,73.12,1,1,0
1768498555.017,0.60,5.81,1.33,0.07,6.00,1.61,0.67,6.07,2.41,72.69,73.12,1,1,0
1768498555.517,0.60,5.81,1.33,0.07,6.00,1.61,0.67,6.07,2.41,72.69,73.12,1,1,0
1768498556.017,0.60,5.81,1.33,0.07,6.00,1.61,0.67,6.07,2.41,72.69,73.12,1,1,0
1768498556.517,0.60,5.81,1.33,0.07,6.00,1.61,0.67,6.07,2.41,72.69,73.12,1,1,0
1768498557.017,0.60,5.81,1.33,0.07,6.00,1.61,0.67,6.07,2.41,72.69,73.12,1,1,0
1768498557.517,0.60,5.81,1.33,0.07,6.00,1.61,0.67,6.07,2.41,72.69,73.12,1,1,0
1768498558.018,0.60,5.81,1.33,0.07,6.00,1.61,0.67,6.07,2.41,72.69,73.12,1,1,0
1768498558.517,0.60,5.81,1.33,2.82,9.87,1.07,3.61,9.43,1.85,72.69,73.12,1,1,1
1768498559.017,0.60,5.81,1.33,1.34,10.30,1.41,3.61,9.43,1.85,72.69,73.12,1,1,1
1768498559.517,0.60,5.81,1.33,1.34,10.30,1.41,3.61,9.43,1.85,72.69,73.12,0,1,1
1768498560.017,0.60,5.81,1.33,2.21,9.95,1.20,3.61,9.43,1.85,72.69,73.12,1,1,1
1768498560.517,0.60,5.81,1.33,2.21,9.95,1.20,3.61,9.43,1.85,72.69,73.12,0,1,1
1768498561.017,0.60,5.81,1.33,2.21,9.95,1.20,3.61,9.43,1.85,72.69,73.12,0,1,1
1768498561.517,0.60,5.81,1.33,2.21,9.95,1.20,3.61,9.43,1.85,72.69,73.12,0,1,1
1768498562.017,0.60,5.81,1.33,1.34,10.30,1.41,3.61,9.43,1.85,72.69,73.12,1,1,1
1768498562.517,0.60,5.81,1.33,2.21,9.95,1.20,3.61,9.43,1.85,72.69,73.12,1,1,1
1768498563.017,0.60,5.81,1.33,2.21,9.95,1.20,3.61,9.43,1.85,72.69,73.12,0,1,1
1768498563.517,0.60,5.81,1.33,2.21,9.95,1.20,3.61,9.43,1.85,72.69,73.12,0,1,1
1768498564.017,0.60,5.81,1.33,2.21,9.95,1.20,3.05,9.62,1.98,72.69,73.12,0,1,1
1768498564.517,0.60,5.81,1.33,2.21,9.95,1.20,3.05,9.62,1.98,72.69,73.12,0,1,1
1768498565.017,0.60,5.81,1.33,2.21,9.95,1.20,3.05,9.62,1.98,72.69,73.12,0,1,1
1768498565.517,0.60,5.81,1.33,2.21,9.95,1.20,3.05,9.62,1.98,72.69,73.12,0,1,1
1768498566.017,0.60,5.81,1.33,2.21,9.95,1.20,3.05,9.62,1.98,72.69,73.12,0,1,1
1768498566.517,0.60,5.81,1.33,2.21,9.95,1.20,3.05,9.62,1.98,72.69,73.12,0,1,1
1768498567.017,0.60,5.81,1.33,2.21,9.95,1.20,3.05,9.62,1.98,72.69,73.12,0,1,1
1768498567.517,0.60,5.81,1.33,2.21,9.95,1.20,3.05,9.62,1.98,72.69,73.12,0,1,1
1768498568.017,0.60,5.81,1.33,2.21,9.95,1.20,3.05,9.62,1.98,72.69,73.12,0,1,1
1768498568.517,0.60,5.81,1.33,2.21,9.95,1.20,3.05,9.62,1.98,72.69,73.12,0,1,1
1768498569.017,0.60,5.81,1.33,2.21,9.95,1.20,3.05,9.62,1.98,72.69,73.12,0,1,1
1768498569.517,0.60,5.81,1.33,2.21,9.95,1.20,3.05,9.62,1.98,72.69,73.12,0,1,1
1768498570.017,0.60,5.81,1.33,2.21,9.95,1.20,3.05,9.62,1.98,72.69,73.12,0,1,1
1768498570.517,0.60,5.81,1.33,2.21,9.95,1.20,3.05,9.62,1.98,72.69,73.12,0,1,1
1768498571.017,0.60,5.81,1.33,2.21,9.95,1.20,3.05,9.62,1.98,72.69,73.12,0,1,1
1768498571.517,0.60,5.81,1.33,2.21,9.95,1.20,3.05,9.62,1.98,72.69,73.12,0,1,1
1768498572.017,0.60,5.81,1.33,2.21,9.95,1.20,3.05,9.62,1.98,72.69,73.12,0,1,1
1768498572.517,0.60,5.81,1.33,2.21,9.95,1.20,3.05,9.62,1.98,72.69,73.12,0,1,1
1768498573.017,0.60,5.81,1.33,2.21,9.95,1.20,3.05,9.62,1.98,72.69,73.12,0,1,1
1768498573.517,0.60,5.81,1.33,2.21,9.95,1.20,3.05,9.62,1.98,72.69,73.12,0,1,1
1768498574.017,0.60,5.81,1.33,2.21,9.95,1.20,3.05,9.62,1.98,72.69,73.12,0,1,1
1768498574.517,0.60,5.81,1.33,2.21,9.95,1.20,3.05,9.62,1.98,72.69,73.12,0,1,1
1768498575.017,0.60,5.81,1.33,2.21,9.95,1.20,3.05,9.62,1.98,72.69,73.12,0,1,1
1768498575.517,0.60,5.81,1.33,2.21,9.95,1.20,3.05,9.62,1.98,72.69,73.12,0,1,1
1768498576.018,0.60,5.81,1.33,2.21,9.95,1.20,3.05,9.62,1.98,72.69,73.12,0,1,1
1768498576.517,0.60,5.81,1.33,2.21,9.95,1.20,3.05,9.62,1.98,72.69,73.12,0,1,1
1768498577.017,0.60,5.81,1.33,2.21,9.95,1.20,3.05,9.62,1.98,72.69,73.12,0,1,1
1768498577.517,0.60,5.81,1.33,2.21,9.95,1.20,3.05,9.62,1.98,72.69,73.12,0,1,1
1768498578.017,0.60,5.81,1.33,2.21,9.95,1.20,3.05,9.62,1.98,72.69,73.12,0,1,1
1768498578.517,0.60,5.81,1.33,2.21,9.95,1.20,3.05,9.62,1.98,72.69,73.12,0,1,1
1768498579.017,0.60,5.81,1.33,2.21,9.95,1.20,3.05,9.62,1.98,72.69,73.12,0,1,1
1768498579.517,0.60,5.81,1.33,2.21,9.95,1.20,3.05,9.62,1.98,72.69,73.12,0,1,1
1768498580.017,0.60,5.81,1.33,2.21,9.95,1.20,3.05,9.62,1.98,72.69,73.12,0,1,1
1768498580.517,0.60,5.81,1.33,2.21,9.95,1.20,3.05,9.62,1.98,72.69,73.12,0,1,1
1768498581.017,0.60,5.81,1.33,2.21,9.95,1.20,3.05,9.62,1.98,72.69,73.12,0,1,1
1768498581.517,0.60,5.81,1.33,2.21,9.95,1.20,3.05,9.62,1.98,72.69,73.12,0,1,1
1768498582.017,0.60,5.81,1.33,2.21,9.95,1.20,3.05,9.62,1.98,72.69,73.12,0,1,1
1768498582.517,0.60,5.81,1.33,2.21,9.95,1.20,3.05,9.62,1.98,72.69,73.12,0,1,1
1768498583.017,0.60,5.81,1.33,2.21,9.95,1.20,3.05,9.62,1.98,72.69,73.12,0,1,1
1768498583.517,0.60,5.81,1.33,2.21,9.95,1.20,3.05,9.62,1.98,72.69,73.12,0,1,1
1768498584.017,0.60,5.81,1.33,2.21,9.95,1.20,3.05,9.62,1.98,72.69,73.12,0,1,1
1768498584.517,0.60,5.81,1.33,2.21,9.95,1.20,3.05,9.62,1.98,72.69,73.12,0,1,1
1768498585.017,0.60,5.81,1.33,2.21,9.95,1.20,3.05,9.62,1.98,72.69,73.12,0,1,1
1768498585.517,0.60,5.81,1.33,2.21,9.95,1.20,3.05,9.62,1.98,72.69,73.12,0,1,1
1768498586.018,0.60,5.81,1.33,2.21,9.95,1.20,3.05,9.62,1.98,72.69,73.12,0,1,1
1768498586.517,0.60,5.81,1.33,2.21,9.95,1.20,3.05,9.62,1.98,72.69,73.12,0,1,1
1768498587.017,0.60,5.81,1.33,2.21,9.95,1.20,3.05,9.62,1.98,72.69,73.12,0,1,1
1768498587.517,0.60,5.81,1.33,2.21,9.95,1.20,3.05,9.62,1.98,72.69,73.12,0,1,1
1768498588.017,0.60,5.81,1.33,2.21,9.95,1.20,3.05,9.62,1.98,72.69,73.12,0,1,1
1768498588.517,0.60,5.81,1.33,2.21,9.95,1.20,3.05,9.62,1.98,72.69,73.12,0,1,1
1768498589.017,0.60,5.81,1.33,2.21,9.95,1.20,3.05,9.62,1.98,72.69,73.12,0,1,1
1768498589.517,0.60,5.81,1.33,2.21,9.95,1.20,3.05,9.62,1.98,72.69,73.12,0,1,1
1768498590.017,0.60,5.81,1.33,2.21,9.95,1.20,3.05,9.62,1.98,72.69,73.12,0,1,1
1768498590.517,0.60,5.81,1.33,2.21,9.95,1.20,3.05,9.62,1.98,72.69,73.12,0,1,1
1768498591.017,0.60,5.81,1.33,2.21,9.95,1.20,3.05,9.62,1.98,72.69,73.12,0,1,1
1768498591.517,0.60,5.81,1.33,2.21,9.95,1.20,3.05,9.62,1.98,72.69,73.12,0,1,1
1768498592.017,0.60,5.81,1.33,2.21,9.95,1.20,3.05,9.62,1.98,72.69,73.12,0,1,1
1768498592.517,0.60,5.81,1.33,2.21,9.95,1.20,3.05,9.62,1.98,72.69,73.12,0,1,1
1768498593.017,0.60,5.81,1.33,2.21,9.95,1.20,3.05,9.62,1.98,72.69,73.12,0,1,1
1768498593.517,0.60,5.81,1.33,2.21,9.95,1.20,3.05,9.62,1.98,72.69,73.12,0,1,1
1768498594.017,0.60,5.81,1.33,2.21,9.95,1.20,3.05,9.62,1.98,72.69,73.12,0,1,1
1768498594.517,0.60,5.81,1.33,2.21,9.95,1.20,3.05,9.62,1.98,72.69,73.12,0,1,1
1768498595.017,0.60,5.81,1.33,2.21,9.95,1.20,3.05,9.62,1.98,72.69,73.12,0,1,1
1768498595.517,0.60,5.81,1.33,2.21,9.95,1.20,3.05,9.62,1.98,72.69,73.12,0,1,1
1768498596.017,0.60,5.81,1.33,2.21,9.95,1.20,3.05,9.62,1.98,72.69,73.12,0,1,1
1768498596.517,0.60,5.81,1.33,2.21,9.95,1.20,3.05,9.62,1.98,72.69,73.12,0,1,1
1768498597.017,0.60,5.81,1.33,2.21,9.95,1.20,3.05,9.62,1.98,72.69,73.12,0,1,1
1768498597.517,0.60,5.81,1.33,2.21,9.95,1.20,3.05,9.62,1.98,72.69,73.12,0,1,1
1768498598.017,0.60,5.81,1.33,2.21,9.95,1.20,3.05,9.62,1.98,72.69,73.12,0,1,1
1768498598.517,0.60,5.81,1.33,2.21,9.95,1.20,3.05,9.62,1.98,72.69,73.12,0,1,1
1768498599.017,0.60,5.81,1.33,2.21,9.95,1.20,3.05,9.62,1.98,72.69,73.12,0,1,1
1768498599.517,0.60,5.81,1.33,2.21,9.95,1.20,3.05,9.62,1.98,72.69,73.12,0,1,1
1768498600.017,0.60,5.81,1.33,2.21,9.95,1.20,3.05,9.62,1.98,72.69,73.12,0,1,1
1768498600.517,0.60,5.81,1.33,2.21,9.95,1.20,3.05,9.62,1.98,72.69,73.12,0,1,1
1768498601.017,0.60,5.81,1.33,2.21,9.95,1.20,3.05,9.62,1.98,72.69,73.12,0,1,1
1768498601.517,0.60,5.81,1.33,2.21,9.95,1.20,3.05,9.62,1.98,72.69,73.12,0,1,1
1768498602.017,0.60,5.81,1.33,2.21,9.95,1.20,3.05,9.62,1.98,72.69,73.12,0,1,1
1768498602.517,0.60,5.81,1.33,2.21,9.95,1.20,3.05,9.62,1.98,72.69,73.12,0,1,1
1768498603.017,0.60,5.81,1.33,2.21,9.95,1.20,3.05,9.62,1.98,72.69,73.12,0,1,1
1768498603.517,0.60,5.81,1.33,2.21,9.95,1.20,3.05,9.62,1.98,72.69,73.12,0,1,1
1768498604.017,0.60,5.81,1.33,2.21,9.95,1.20,3.05,9.62,1.98,72.69,73.12,0,1,1
1768498604.517,0.60,5.81,1.33,2.21,9.95,1.20,3.05,9.62,1.98,72.69,73.12,0,1,1
1768498605.017,0.60,5.81,1.33,2.21,9.95,1.20,3.05,9.62,1.98,72.69,73.12,0,1,1
1768498605.517,0.60,5.81,1.33,2.21,9.95,1.20,3.05,9.62,1.98,72.69,73.12,0,1,1
1768498606.017,0.60,5.81,1.33,2.21,9.95,1.20,3.05,9.62,1.98,72.69,73.12,0,1,1
1768498606.517,0.60,5.81,1.33,2.21,9.95,1.20,3.05,9.62,1.98,72.69,73.12,0,1,1
1768498607.017,0.60,5.81,1.33,2.21,9.95,1.20,3.05,9.62,1.98,72.69,73.12,0,1,1
1768498607.517,0.60,5.81,1.33,2.21,9.95,1.20,3.05,9.62,1.98,72.69,73.12,0,1,1
1768498608.017,0.60,5.81,1.33,2.21,9.95,1.20,3.05,9.62,1.98,72.69,73.12,0,1,1
1768498608.517,0.60,5.81,1.33,2.21,9.95,1.20,3.05,9.62,1.98,72.69,73.12,0,1,1
1768498609.017,0.60,5.81,1.33,2.21,9.95,1.20,3.05,9.62,1.98,72.69,73.12,0,1,1
1768498609.517,0.60,5.81,1.33,2.21,9.95,1.20,3.05,9.62,1.98,72.69,73.12,0,1,1
1768498610.017,0.60,5.81,1.33,2.21,9.95,1.20,3.05,9.62,1.98,72.69,73.12,0,1,1
1768498610.517,0.60,5.81,1.33,2.21,9.95,1.20,3.05,9.62,1.98,72.69,73.12,0,1,1
1768498611.017,0.60,5.81,1.33,2.21,9.95,1.20,3.05,9.62,1.98,72.69,73.12,0,1,1
1768498611.517,0.60,5.81,1.33,2.21,9.95,1.20,3.05,9.62,1.98,72.69,73.12,0,1,1
1768498612.017,0.60,5.81,1.33,2.21,9.95,1.20,3.05,9.62,1.98,72.69,73.12,0,1,1
1768498612.517,0.60,5.81,1.33,2.21,9.95,1.20,3.05,9.62,1.98,72.69,73.12,0,1,1
1768498613.017,0.60,5.81,1.33,1.34,10.30,1.41,2.23,10.16,2.19,72.69,73.12,1,1,1
1768498613.517,0.60,5.81,1.33,1.34,10.30,1.41,2.23,10.16,2.19,72.69,73.12,0,1,1
1768498614.017,0.60,5.81,1.33,1.34,10.30,1.41,2.23,10.16,2.19,72.69,73.12,0,1,1
1768498614.517,0.60,5.81,1.33,1.34,10.30,1.41,2.23,10.16,2.19,72.69,73.12,0,1,1
1768498615.017,0.60,5.81,1.33,1.34,10.30,1.41,2.23,10.16,2.19,72.69,73.12,0,1,1
1768498615.517,0.60,5.81,1.33,1.34,10.30,1.41,2.23,10.16,2.19,72.69,73.12,0,1,1
1768498616.017,0.60,5.81,1.33,1.34,10.30,1.41,2.23,10.16,2.19,72.69,73.12,0,1,1
1768498616.517,0.60,5.81,1.33,1.34,10.30,1.41,2.23,10.16,2.19,72.60,73.12,0,1,1
1768498617.017,0.60,5.81,1.33,1.34,10.30,1.41,2.23,10.16,2.19,72.60,73.12,0,1,1
1768498617.517,0.60,5.81,1.33,1.34,10.30,1.41,2.23,10.16,2.19,72.69,73.12,0,1,1
1768498618.017,0.60,5.81,1.33,1.34,10.30,1.41,2.23,10.16,2.19,72.69,73.12,0,1,1
1768498618.517,0.60,5.81,1.33,1.34,10.30,1.41,2.23,10.16,2.19,72.69,73.12,0,1,1
1768498619.017,0.60,5.81,1.33,1.34,10.30,1.41,2.23,10.16,2.19,72.60,73.12,0,1,1
1768498619.517,0.60,5.81,1.33,1.34,10.30,1.41,2.23,10.16,2.19,72.69,73.12,0,1,1
1768498620.017,0.60,5.81,1.33,1.34,10.30,1.41,2.23,10.16,2.19,72.69,73.12,0,1,1
1768498620.517,0.60,5.81,1.33,1.34,10.30,1.41,2.23,10.16,2.19,72.69,73.12,0,1,1
1768498621.017,0.60,5.81,1.33,1.34,10.30,1.41,2.23,10.16,2.19,72.69,73.12,0,1,1
1768498621.517,0.60,5.81,1.33,1.34,10.30,1.41,2.23,10.16,2.19,72.60,73.12,0,1,1
1768498622.017,0.60,5.81,1.33,1.34,10.30,1.41,2.23,10.16,2.19,72.60,73.12,0,1,1
1768498622.517,0.74,6.34,0.12,1.34,10.30,1.41,2.23,10.16,2.19,72.60,73.12,0,1,0
1768498623.018,0.74,6.34,0.12,1.34,10.30,1.41,2.23,10.16,2.19,72.60,73.12,0,1,0
1768498623.517,0.74,6.34,0.12,1.34,10.30,1.41,2.23,10.16,2.19,72.60,73.12,0,1,0
1768498624.017,0.74,6.34,0.12,1.34,10.30,1.41,2.23,10.16,2.19,72.60,73.12,0,1,0
1768498624.517,0.74,6.34,0.12,1.34,10.30,1.41,2.23,10.16,2.19,72.77,73.12,0,1,0
1768498625.017,0.74,6.34,0.12,1.34,10.30,1.41,2.23,10.16,2.19,72.69,73.12,0,1,0
1768498625.517,0.74,6.34,0.12,1.34,10.30,1.41,2.23,10.16,2.19,72.77,73.12,0,1,0
1768498626.017,0.74,6.34,0.12,1.34,10.30,1.41,2.23,10.16,2.19,72.77,73.12,0,1,0
1768498626.517,0.74,6.34,0.12,1.34,10.30,1.41,2.23,10.16,2.19,72.77,73.12,0,1,0
1768498627.017,0.74,6.34,0.12,4.72,6.19,-0.04,4.68,5.29,0.75,72.77,73.12,1,1,1
1768498627.517,0.74,6.34,0.12,4.72,6.19,-0.04,4.68,5.29,0.75,72.77,73.12,0,1,1
1768498628.017,0.74,6.34,0.12,4.72,6.19,-0.04,4.68,5.29,0.75,72.77,73.12,0,1,1
1768498628.517,0.74,6.34,0.12,4.72,6.19,-0.04,4.68,5.29,0.75,72.77,73.12,0,1,1
1768498629.017,0.74,6.34,0.12,4.72,6.19,-0.04,4.68,5.29,0.75,72.77,73.12,0,1,1
1768498629.517,0.74,6.34,0.12,4.72,6.19,-0.04,4.68,5.29,0.75,72.77,73.12,0,1,1
1768498630.017,0.74,6.34,0.12,4.72,6.19,-0.04,4.68,5.29,0.75,72.77,73.12,0,1,1
1768498630.517,0.74,6.34,0.12,4.72,6.19,-0.04,4.68,5.29,0.75,72.77,73.12,0,1,1
1768498631.017,0.74,6.34,0.12,4.72,6.19,-0.04,4.68,5.29,0.75,72.77,73.12,0,1,1
1768498631.517,0.74,6.34,0.12,4.72,6.19,-0.04,4.68,5.29,0.75,72.77,73.12,0,1,1
1768498632.017,0.74,6.34,0.12,4.72,6.19,-0.04,4.68,5.29,0.75,72.77,73.12,0,1,1
1768498632.517,0.74,6.34,0.12,4.72,6.19,-0.04,4.68,5.29,0.75,72.77,73.12,0,1,1
1768498633.017,0.74,6.34,0.12,4.72,6.19,-0.04,4.68,5.29,0.75,72.77,73.12,0,1,1
1768498633.517,0.74,6.34,0.12,4.72,6.19,-0.04,4.68,5.29,0.75,72.77,73.12,0,1,1
1768498634.017,0.74,6.34,0.12,4.72,6.19,-0.04,4.68,5.29,0.75,72.77,73.12,0,1,1
1768498634.517,0.74,6.34,0.12,4.72,6.19,-0.04,4.68,5.29,0.75,72.77,73.12,0,1,1
1768498635.017,0.74,6.34,0.12,4.72,6.19,-0.04,4.68,5.29,0.75,72.77,73.12,0,1,1
1768498635.517,0.74,6.34,0.12,4.72,6.19,-0.04,4.68,5.29,0.75,72.77,73.12,0,1,1
1768498636.017,0.74,6.34,0.12,4.72,6.19,-0.04,4.68,5.29,0.75,72.77,73.12,0,1,1
1768498636.517,0.74,6.34,0.12,4.72,6.19,-0.04,4.68,5.29,0.75,72.77,73.12,0,1,1
1768498637.017,0.74,6.34,0.12,4.72,6.19,-0.04,4.68,5.29,0.75,72.77,73.12,0,1,1
1768498637.517,0.74,6.34,0.12,4.72,6.19,-0.04,4.68,5.29,0.75,72.77,73.12,0,1,1
1768498638.017,0.74,6.34,0.12,4.72,6.19,-0.04,4.68,5.29,0.75,72.77,73.12,0,1,1
1768498638.517,0.74,6.34,0.12,4.72,6.19,-0.04,4.68,5.29,0.75,72.77,73.12,0,1,1
1768498639.017,0.74,6.34,0.12,4.72,6.19,-0.04,4.68,5.29,0.75,72.77,73.12,0,1,1
1768498639.517,0.74,6.34,0.12,4.72,6.19,-0.04,4.68,5.29,0.75,72.77,73.12,0,1,1
1768498640.017,0.74,6.34,0.12,4.72,6.19,-0.04,4.68,5.29,0.75,72.77,73.12,0,1,1
1768498640.517,0.74,6.34,0.12,4.72,6.19,-0.04,4.68,5.29,0.75,72.77,73.12,0,1,1
1768498641.017,0.74,6.34,0.12,4.72,6.19,-0.04,4.68,5.29,0.75,72.77,73.12,0,1,1
1768498641.517,0.74,6.34,0.12,4.72,6.19,-0.04,4.68,5.29,0.75,72.77,73.12,0,1,1
1768498642.017,0.74,6.34,0.12,4.72,6.19,-0.04,4.68,5.29,0.75,72.77,73.12,0,1,1
1768498642.517,0.74,6.34,0.12,4.72,6.19,-0.04,4.68,5.29,0.75,72.77,73.12,0,1,1
1768498643.017,0.74,6.34,0.12,4.72,6.19,-0.04,4.68,5.29,0.75,72.77,73.12,0,1,1
1768498643.517,0.74,6.34,0.12,4.72,6.19,-0.04,4.68,5.29,0.75,72.77,73.12,0,1,1
1768498644.017,0.74,6.34,0.12,4.72,6.19,-0.04,4.68,5.29,0.75,72.77,73.12,0,1,1
1768498644.517,0.74,6.34,0.12,4.72,6.19,-0.04,4.68,5.29,0.75,72.77,73.12,0,1,1
1768498645.017,0.74,6.34,0.12,4.72,6.19,-0.04,4.68,5.29,0.75,72.77,73.12,0,1,1
1768498645.517,0.74,6.34,0.12,4.72,6.19,-0.04,4.68,5.29,0.75,72.77,73.12,0,1,1
1768498646.017,0.74,6.34,0.12,4.72,6.19,-0.04,4.68,5.29,0.75,72.77,73.12,0,1,1
1768498646.517,0.74,6.34,0.12,4.72,6.19,-0.04,4.68,5.29,0.75,72.77,73.12,0,1,1
1768498647.017,0.74,6.34,0.12,4.72,6.19,-0.04,4.68,5.29,0.75,72.77,73.12,0,1,1
1768498647.517,0.74,6.34,0.12,4.72,6.19,-0.04,4.68,5.29,0.75,72.77,73.12,0,1,1
1768498648.017,0.74,6.34,0.12,4.72,6.19,-0.04,4.68,5.29,0.75,72.77,73.12,0,1,1
1768498648.517,0.74,6.34,0.12,4.72,6.19,-0.04,4.68,5.29,0.75,72.77,73.12,0,1,1
1768498649.017,0.74,6.34,0.12,4.72,6.19,-0.04,4.68,5.29,0.75,72.77,73.12,0,1,1
1768498649.517,0.74,6.34,0.12,4.72,6.19,-0.04,4.68,5.29,0.75,72.77,73.12,0,1,1
1768498650.017,0.74,6.34,0.12,4.72,6.19,-0.04,4.68,5.29,0.75,72.77,73.12,0,1,1
1768498650.517,0.74,6.34,0.12,4.72,6.19,-0.04,4.68,5.29,0.75,72.77,73.12,0,1,1
1768498651.017,0.74,6.34,0.12,4.72,6.19,-0.04,4.68,5.29,0.75,72.77,73.12,0,1,1
1768498651.517,0.74,6.34,0.12,4.72,6.19,-0.04,4.68,5.29,0.75,72.77,73.12,0,1,1
1768498652.017,0.74,6.34,0.12,4.72,6.19,-0.04,4.68,5.29,0.75,72.77,73.12,0,1,1
1768498652.517,0.74,6.34,0.12,4.72,6.19,-0.04,4.68,5.29,0.75,72.77,73.12,0,1,1
1768498653.017,0.74,6.34,0.12,4.72,6.19,-0.04,4.68,5.29,0.75,72.77,73.12,0,1,1
1768498653.517,0.74,6.34,0.12,4.72,6.19,-0.04,4.68,5.29,0.75,72.77,73.12,0,1,1
1768498654.017,0.74,6.34,0.12,4.72,6.19,-0.04,4.68,5.29,0.75,72.77,73.12,0,1,1
1768498654.517,0.74,6.34,0.12,4.72,6.19,-0.04,4.68,5.29,0.75,72.77,73.12,0,1,1
1768498655.017,0.74,6.34,0.12,4.72,6.19,-0.04,4.68,5.29,0.75,72.77,73.12,0,1,1
1768498655.517,0.74,6.34,0.12,4.72,6.19,-0.04,4.68,5.29,0.75,72.77,73.12,0,1,1
1768498656.017,0.74,6.34,0.12,4.72,6.19,-0.04,4.68,5.29,0.75,72.77,73.12,0,1,1
1768498656.517,0.74,6.34,0.12,4.72,6.19,-0.04,4.68,5.29,0.75,72.77,73.12,0,1,1
1768498657.017,0.74,6.34,0.12,4.72,6.19,-0.04,4.68,5.29,0.75,72.77,73.12,0,1,1
1768498657.517,0.74,6.34,0.12,4.72,6.19,-0.04,4.68,5.29,0.75,72.77,73.12,0,1,1
1768498658.017,0.74,6.34,0.12,4.72,6.19,-0.04,4.68,5.29,0.75,72.77,73.12,0,1,1
1768498658.517,0.74,6.34,0.12,4.72,6.19,-0.04,4.68,5.29,0.75,72.77,73.12,0,1,1
1768498659.017,0.74,6.34,0.12,4.72,6.19,-0.04,4.68,5.29,0.75,72.77,73.12,0,1,1
1768498659.517,0.74,6.34,0.12,4.72,6.19,-0.04,4.68,5.29,0.75,72.77,73.12,0,1,1
1768498660.017,0.74,6.34,0.12,4.72,6.19,-0.04,4.68,5.29,0.75,72.77,73.12,0,1,1
1768498660.517,0.74,6.34,0.12,4.72,6.19,-0.04,4.68,5.29,0.75,72.77,73.12,0,1,1
1768498661.017,0.74,6.34,0.12,4.72,6.19,-0.04,4.68,5.29,0.75,72.77,73.12,0,1,1
1768498661.517,0.74,6.34,0.12,4.72,6.19,-0.04,4.68,5.29,0.75,72.77,73.12,0,1,1
1768498662.017,0.74,6.34,0.12,4.72,6.19,-0.04,4.68,5.29,0.75,72.77,73.12,0,1,1
1768498662.517,0.74,6.34,0.12,4.72,6.19,-0.04,4.68,5.29,0.75,72.77,73.12,0,1,1
1768498663.017,0.74,6.34,0.12,4.72,6.19,-0.04,4.68,5.29,0.75,72.86,73.12,0,1,1
1768498663.517,0.74,6.34,0.12,4.72,6.19,-0.04,4.68,5.29,0.75,72.86,73.12,0,1,1
1768498664.017,0.74,6.34,0.12,4.72,6.19,-0.04,4.68,5.29,0.75,72.86,73.12,0,1,1
1768498664.517,0.74,6.34,0.12,4.72,6.19,-0.04,4.68,5.29,0.75,72.95,73.12,0,1,1
1768498665.017,0.74,6.34,0.12,4.72,6.19,-0.04,4.68,5.29,0.75,72.95,73.12,0,1,1
1768498665.517,0.74,6.34,0.12,4.72,6.19,-0.04,4.68,5.29,0.75,72.95,73.12,0,1,1
1768498666.017,0.74,6.34,0.12,4.72,6.19,-0.04,4.68,5.29,0.75,72.95,73.12,0,1,1
1768498666.517,0.74,6.34,0.12,4.72,6.19,-0.04,4.68,5.29,0.75,72.69,73.12,0,1,1
1768498667.017,0.74,6.34,0.12,4.72,6.19,-0.04,4.68,5.29,0.75,72.69,73.12,0,1,1
1768498667.517,0.74,6.34,0.12,4.72,6.19,-0.04,4.68,5.29,0.75,72.77,73.12,0,1,1
1768498668.017,0.74,6.34,0.12,4.72,6.19,-0.04,4.68,5.29,0.75,72.69,73.12,0,1,1
1768498668.517,0.74,6.34,0.12,4.72,6.19,-0.04,4.68,5.29,0.75,72.60,73.12,0,1,1
1768498669.017,0.74,6.34,0.12,4.87,6.44,0.03,4.68,5.29,0.75,72.60,73.12,1,1,1
1768498669.517,0.74,6.34,0.12,4.87,6.44,0.03,4.68,5.29,0.75,72.77,73.12,0,1,1
1768498670.017,0.74,6.34,0.12,4.87,6.44,0.03,4.68,5.29,0.75,72.77,73.12,0,1,1
1768498670.517,0.74,6.34,0.12,4.87,6.44,0.03,4.68,5.29,0.75,72.77,73.12,0,1,1
1768498671.017,0.74,6.34,0.12,4.87,6.44,0.03,4.68,5.29,0.75,72.60,73.12,0,1,1
1768498671.517,0.74,6.34,0.12,4.87,6.44,0.03,4.68,5.29,0.75,72.60,73.12,0,1,1
1768498672.017,0.74,6.34,0.12,4.87,6.44,0.03,4.68,5.29,0.75,72.60,73.12,0,1,1
1768498672.517,0.74,6.34,0.12,4.87,6.44,0.03,4.68,5.29,0.75,72.60,73.12,0,1,1
1768498673.017,0.74,6.34,0.12,4.87,6.44,0.03,4.68,5.29,0.75,72.60,73.12,0,1,1
1768498673.517,0.74,6.34,0.12,4.87,6.44,0.03,4.68,5.29,0.75,72.77,73.12,0,1,1
1768498674.017,0.74,6.34,0.12,4.87,6.44,0.03,4.68,5.29,0.75,72.77,73.12,0,1,1
1768498674.517,0.74,6.34,0.12,4.87,6.44,0.03,4.68,5.29,0.75,72.69,73.12,0,1,1
1768498675.017,0.74,6.34,0.12,4.88,6.12,-0.05,4.68,5.29,0.75,72.69,73.12,1,1,1
1768498675.517,0.74,6.34,0.12,4.87,6.40,0.01,4.68,5.29,0.75,72.69,73.12,1,1,1
1768498676.017,0.74,6.34,0.12,4.86,6.44,0.02,4.68,5.29,0.75,72.69,73.12,0,1,1
1768498676.517,0.74,6.34,0.12,4.86,6.44,0.02,4.68,5.29,0.75,72.69,73.12,0,1,1
1768498677.017,0.74,6.34,0.12,4.86,6.44,0.02,4.68,5.29,0.75,72.77,73.12,0,1,1
1768498677.517,0.74,6.34,0.12,4.86,6.44,0.02,4.68,5.29,0.75,72.69,73.12,0,1,1
1768498678.017,0.74,6.34,0.12,4.86,6.44,0.02,4.68,5.29,0.75,72.69,73.12,0,1,1
1768498678.517,0.74,6.34,0.12,4.86,6.44,0.02,4.68,5.29,0.75,72.69,73.12,0,1,1
1768498679.017,0.74,6.34,0.12,4.86,6.44,0.02,4.68,5.29,0.75,72.77,73.12,0,1,1
1768498679.517,0.74,6.34,0.12,4.86,6.44,0.02,4.68,5.29,0.75,72.86,73.12,0,1,1
1768498680.017,0.75,6.34,0.12,4.86,6.44,0.02,4.68,5.29,0.75,72.77,73.12,0,1,1
1768498680.517,0.75,6.34,0.12,4.86,6.44,0.02,4.68,5.29,0.75,72.69,73.12,0,1,1
1768498681.017,0.75,6.34,0.12,4.86,6.44,0.02,4.68,5.29,0.75,72.69,73.12,0,1,1
1768498681.517,0.75,6.34,0.12,4.86,6.44,0.02,4.68,5.29,0.75,72.69,73.12,0,1,1
1768498682.017,0.74,6.34,0.12,4.86,6.44,0.02,4.68,5.29,0.75,72.69,73.12,0,1,1
1768498682.517,0.74,6.34,0.12,4.86,6.44,0.02,4.68,5.29,0.75,72.60,73.12,0,1,1
1768498683.017,0.74,6.34,0.12,4.86,6.44,0.02,4.68,5.29,0.75,72.69,73.12,0,1,1
1768498683.517,0.74,6.34,0.12,4.86,6.44,0.02,4.68,5.29,0.75,72.69,73.12,0,1,1
1768498684.017,0.74,6.34,0.12,4.86,6.44,0.02,4.68,5.29,0.75,72.77,73.12,0,1,1
1768498684.517,0.74,6.34,0.12,4.86,6.44,0.02,4.68,5.29,0.75,72.77,73.12,0,1,1
1768498685.017,0.74,6.34,0.12,4.87,6.42,0.02,4.68,5.29,0.75,72.60,73.12,0,1,1
1768498685.517,0.74,6.34,0.12,4.87,6.42,0.02,4.68,5.29,0.75,72.51,73.12,0,1,1
1768498686.017,0.74,6.34,0.12,4.87,6.42,0.02,4.68,5.29,0.75,72.51,73.12,0,1,1
1768498686.517,0.74,6.34,0.12,4.87,6.42,0.02,4.68,5.29,0.75,72.51,73.12,0,1,1
1768498687.017,0.74,6.34,0.12,4.87,6.42,0.02,4.68,5.29,0.75,72.69,73.12,0,1,1
1768498687.517,0.74,6.34,0.12,4.87,6.42,0.02,4.68,5.29,0.75,72.60,73.12,0,1,1
1768498688.017,0.74,6.34,0.12,4.87,6.42,0.02,4.68,5.29,0.75,72.60,73.12,0,1,1
1768498688.517,0.74,6.34,0.12,4.87,6.42,0.02,4.68,5.29,0.75,72.51,73.12,0,1,1
1768498689.017,0.74,6.34,0.12,4.87,6.42,0.02,4.68,5.29,0.75,72.60,73.12,0,1,1
1768498689.517,0.74,6.34,0.12,4.87,6.42,0.02,4.68,5.29,0.75,72.69,73.12,0,1,1
1768498690.017,0.74,6.34,0.12,4.87,6.42,0.02,4.68,5.29,0.75,72.60,73.12,0,1,1
1768498690.517,0.74,6.34,0.12,4.87,6.42,0.02,4.68,5.29,0.75,72.60,73.12,0,1,1
1768498691.017,0.74,6.34,0.12,4.87,6.42,0.02,4.88,5.52,0.81,72.60,73.12,0,1,1
1768498691.517,0.74,6.34,0.12,4.87,6.42,0.02,4.88,5.52,0.81,72.60,73.12,0,1,1
1768498692.017,0.74,6.34,0.12,4.87,6.42,0.02,4.88,5.52,0.81,72.69,73.12,0,1,1
1768498692.517,0.74,6.34,0.12,4.87,6.42,0.02,4.88,5.52,0.81,72.69,73.12,0,1,1
1768498693.017,0.74,6.34,0.12,4.87,6.42,0.02,4.88,5.52,0.81,72.77,73.12,0,1,1
1768498693.517,0.74,6.34,0.12,4.87,6.42,0.02,4.88,5.52,0.81,72.77,73.12,0,1,1
1768498694.017,0.74,6.34,0.12,4.87,6.42,0.02,4.88,5.52,0.81,72.69,73.12,0,1,1
1768498694.517,0.74,6.34,0.12,4.87,6.42,0.02,4.88,5.52,0.81,72.86,73.12,0,1,1
1768498695.017,0.74,6.34,0.12,4.87,6.42,0.02,4.88,5.52,0.81,72.86,73.12,0,1,0
1768498695.517,0.74,6.34,-0.07,4.87,6.42,0.02,4.88,5.52,0.81,72.86,73.12,0,1,1
1768498696.017,0.74,6.34,-0.07,4.87,6.42,0.02,4.88,5.52,0.81,72.77,73.12,0,1,1
1768498696.517,0.74,6.34,-0.07,4.87,6.42,0.02,4.88,5.52,0.81,72.86,73.12,0,1,1
1768498697.017,0.83,6.33,-0.18,4.87,6.42,0.02,4.88,5.52,0.81,72.86,73.12,0,1,1
1768498697.517,0.83,6.33,-0.18,4.87,6.42,0.02,4.88,5.52,0.81,72.86,73.12,0,1,1
1768498698.017,0.95,6.31,-0.19,4.87,6.42,0.03,4.88,5.52,0.81,72.77,73.12,0,1,1
1768498698.517,0.95,6.31,-0.19,4.87,6.42,0.03,4.88,5.52,0.81,72.86,73.12,0,1,1
1768498699.017,0.95,6.31,-0.19,4.87,6.42,0.03,4.88,5.52,0.81,72.86,73.12,0,1,1
1768498699.517,0.95,6.31,-0.19,4.87,6.42,0.03,4.88,5.52,0.81,72.86,73.12,0,1,1
1768498700.017,0.95,6.31,-0.19,4.87,6.42,0.03,4.88,5.52,0.81,72.86,73.12,0,1,1
1768498700.517,0.95,6.31,-0.19,4.87,6.42,0.03,4.88,5.52,0.81,72.77,73.12,0,1,1
1768498701.017,0.95,6.31,-0.19,4.87,6.42,0.03,4.88,5.52,0.81,72.77,73.12,0,1,0
1768498701.517,0.95,6.31,-0.19,4.87,6.42,0.03,4.88,5.52,0.81,72.77,73.12,0,1,0
1768498702.017,0.95,6.31,-0.19,4.87,6.42,0.03,4.88,5.52,0.81,72.77,73.12,0,1,0
1768498702.517,0.95,6.31,-0.19,4.87,6.42,0.03,4.88,5.52,0.81,72.86,73.12,0,1,0
1768498703.017,0.95,6.31,-0.19,4.87,6.42,0.03,4.88,5.52,0.81,72.86,73.12,0,1,0
1768498703.517,0.95,6.31,-0.19,4.87,6.42,0.03,4.88,5.52,0.81,72.77,73.12,0,1,0
1768498704.017,3.09,5.89,-0.20,4.87,6.42,0.03,4.88,5.52,0.81,72.77,73.12,0,1,0
1768498704.517,3.42,5.82,-0.19,4.87,6.42,0.03,4.88,5.52,0.81,72.86,73.12,0,1,0
1768498705.017,3.42,5.82,-0.19,4.87,6.42,0.03,4.88,5.52,0.81,72.86,73.12,0,1,0
1768498705.517,3.57,5.79,-0.21,4.87,6.42,0.03,4.88,5.52,0.81,72.86,73.12,0,1,0
1768498706.017,3.89,5.73,-0.19,4.87,6.42,0.03,4.88,5.52,0.81,72.86,73.12,0,1,0
1768498706.517,3.89,5.73,-0.19,4.87,6.42,0.03,4.88,5.52,0.81,72.86,73.12,0,1,0
1768498707.017,4.11,5.69,-0.20,4.87,6.42,0.03,4.88,5.52,0.81,72.86,73.12,0,1,0
1768498707.517,4.11,5.69,-0.20,4.87,6.42,0.03,4.88,5.52,0.81,72.86,73.12,0,1,0
1768498708.017,4.36,5.64,-0.20,4.87,6.42,0.03,4.88,5.52,0.81,72.77,73.12,0,1,0
1768498708.517,4.36,5.64,-0.20,4.87,6.42,0.03,4.88,5.52,0.81,72.77,73.12,0,1,0
1768498709.017,4.56,5.60,-0.20,4.87,6.42,0.03,4.88,5.52,0.81,72.77,73.12,0,1,0
1768498709.517,4.65,5.58,-0.20,4.87,6.42,0.03,4.88,5.52,0.81,72.77,73.12,0,1,0
1768498710.017,4.65,5.58,-0.20,4.87,6.42,0.03,4.88,5.52,0.81,72.77,73.12,0,1,0
1768498710.517,4.65,5.58,-0.20,4.87,6.42,0.03,4.88,5.52,0.81,72.77,73.12,0,1,0
1768498711.017,4.84,5.54,-0.20,4.87,6.42,0.03,4.88,5.52,0.81,72.77,73.12,0,1,0
1768498711.517,4.85,5.54,-0.20,4.87,6.42,0.03,4.88,5.52,0.81,72.86,73.12,0,1,0
1768498712.017,4.84,5.55,-0.07,4.87,6.42,0.03,4.88,5.52,0.81,72.86,73.12,0,1,0
1768498712.517,4.83,5.56,0.34,4.87,6.42,0.03,4.88,5.52,0.81,72.86,73.12,0,1,0
1768498713.017,4.84,5.55,0.49,4.87,6.42,0.03,4.88,5.52,0.81,72.86,73.12,0,1,0
1768498713.517,4.85,5.55,0.62,4.87,6.42,0.03,4.88,5.52,0.81,72.86,73.12,0,1,0
1768498714.017,4.85,5.55,0.62,4.87,6.42,0.03,4.88,5.52,0.81,72.86,73.12,0,1,0
1768498714.517,4.84,5.55,0.71,4.87,6.42,0.03,4.88,5.52,0.81,72.77,73.12,0,1,0
1768498715.017,4.84,5.55,0.71,4.87,6.42,0.03,4.88,5.52,0.81,72.86,73.12,0,1,0
1768498715.518,4.84,5.55,0.71,4.87,6.42,0.03,4.88,5.52,0.81,72.86,73.12,0,1,0
1768498716.017,4.84,5.54,0.71,4.87,6.42,0.03,4.88,5.52,0.81,72.86,73.12,0,1,0
1768498716.517,4.84,5.54,0.71,4.87,6.42,0.03,4.88,5.52,0.81,72.86,73.12,0,1,0
1768498717.017,4.84,5.55,0.71,4.87,6.42,0.03,4.88,5.52,0.81,69.52,73.12,0,1,0
1768498717.517,4.84,5.54,0.71,4.87,6.42,0.03,4.88,5.52,0.81,17.75,73.12,0,1,0
